customer_id,age,income,credit_score,debt_to_income,employment_length,loan_amount,loan_purpose,home_ownership,annual_income,loan_status
3ac6fe3a-504a-4746-9786-0eab8063c437,56,24706.85,701,0.133,4,16098.42,business,rent,24706.85,approved
fb788e23-b821-42c3-9b72-339c471230ec,50,39442.38,674,0.019,5,3947.74,debt_consolidation,rent,39442.38,approved
333349b5-94a1-45fc-b27f-04731ac9f3b2,68,25144.99,841,0.014,5,21012.87,education,own,25144.99,approved
cb9c33b8-aab2-4091-8529-71f84ef5172f,21,22178.59,671,0.247,5,10499.86,personal,rent,22178.59,approved
95186938-44b8-481f-b3c2-8bdc23942715,24,9769.56,513,0.282,7,28566.91,debt_consolidation,rent,9769.56,approved
a13fa81a-d42b-4913-8043-851142ee29b7,52,121608.42,686,0.06,2,17510.31,personal,other,121608.42,approved
7b244d32-409d-4de5-b1b1-79a6aeb274fa,78,68355.19,651,0.201,2,27786.95,business,other,68355.19,approved
d8bf0c13-e13a-49f4-9225-8915e49c0018,47,45712.44,615,0.184,1,10887.69,debt_consolidation,mortgage,45712.44,approved
a0672063-a187-40aa-a682-58b3786f4d4e,23,5661.12,684,0.137,7,5664.5,personal,own,5661.12,approved
dee7d6ce-684c-4bad-bb46-61d8ec414b86,19,18127.58,605,0.093,4,31339.51,education,other,18127.58,approved
edf5f5b2-8d14-4da0-a323-2484e5eab545,22,97114.28,789,0.082,2,3864.04,business,rent,97114.28,approved
02c41d0e-ea5d-4f12-8ee8-aee51971fe09,50,38100.93,692,0.21,5,29744.17,personal,mortgage,38100.93,approved
a17c6f8c-8805-4704-8a1a-85a56cbaa57d,36,40404.43,702,0.152,3,35371.32,debt_consolidation,rent,40404.43,approved
e043ed50-6c83-4f78-b0ff-9759b92097f8,46,18219.23,540,0.091,7,9831.45,education,rent,18219.23,approved
c2fb9106-32f4-4627-b096-52d6aebb5e98,68,44076.57,732,0.099,3,5671.94,auto,own,44076.57,denied
929d2e7e-a12f-4aa5-9cbb-f0a916053fb6,70,50905.73,682,0.17,3,2820.35,debt_consolidation,other,50905.73,approved
3f2ab8e8-71cc-4ce9-9991-b1b8496829e9,35,59699.35,659,0.129,8,20171.54,auto,other,59699.35,denied
06dcb573-f3d9-4057-8a0f-5cc99a596644,75,52033.87,594,0.143,6,9628.41,education,mortgage,52033.87,approved
88de0f7e-3e35-409e-beb0-ff167e0d4ee5,77,71430.08,598,0.279,5,4692.26,home_improvement,rent,71430.08,approved
14c64eff-ea66-4ee6-86cd-77e5e93e1398,43,9014.42,572,0.34,8,7921.51,auto,own,9014.42,approved
d46fa3b1-3a2d-4aef-8a91-6e6d4d3dcea3,74,22561.43,623,0.166,3,72438.25,education,rent,22561.43,approved
db124cca-c35f-4257-8770-815412e5949d,53,25619.66,637,0.077,3,13469.54,debt_consolidation,other,25619.66,approved
e65bd358-03ce-48ac-bd32-741033074365,41,61351.44,830,0.195,4,9558.57,personal,own,61351.44,approved
616d53aa-0c33-4d2b-b03f-3815fef838e7,25,33590.78,805,0.079,3,3384.16,business,own,33590.78,denied
da00d5e8-9bd7-4092-9ae4-e94e562efa67,54,61273.67,711,0.15,7,37963.6,debt_consolidation,mortgage,61273.67,approved
00d93617-ae57-4e2f-b497-6ccbb8733392,66,36853.38,608,0.262,2,67492.84,auto,other,36853.38,approved
6b9afee0-2dd1-47fd-b10c-8cb07ba08ed1,70,56211.91,712,0.214,4,21830.71,education,rent,56211.91,approved
9b6cb0c8-3848-4dfb-b1cf-6536de0bcee4,57,93949.86,602,0.124,6,9118.81,education,mortgage,93949.86,denied
984dc6ed-66d4-4789-b556-9ac508a0c60d,62,35847.92,621,0.244,6,14125.29,auto,other,35847.92,denied
5f89b5e7-8833-4e63-9a78-e80f97dc983b,52,72290.86,602,0.223,6,6162.95,auto,other,72290.86,approved
6e3d4425-177e-41f2-ba90-2885ba3c6a6e,75,32519.44,514,0.405,10,17853.97,personal,own,32519.44,approved
b8b65787-4f41-4f55-9f5d-c92b2a06805d,18,46093.66,648,0.332,2,15913.87,auto,own,46093.66,approved
c3ea97a2-22ed-4978-89d1-b726c7fe6439,20,25872.53,801,0.215,6,21988.61,home_improvement,own,25872.53,approved
30c7fff0-4fe7-4fbd-aafb-68e622866e46,51,88683.07,640,0.284,12,16333.21,personal,other,88683.07,approved
fa4254d4-40c4-4956-9e8f-2b31afbed9ad,32,26432.31,812,0.052,6,25263.71,debt_consolidation,own,26432.31,approved
59f693b3-637f-4fab-bc29-e1abe14e8c07,33,16799.82,698,0.246,2,8741.12,auto,own,16799.82,approved
4692083f-4959-41df-8555-1e05630e532b,18,20847.49,435,0.23,4,6940.01,personal,own,20847.49,approved
eef13369-adc6-4fdd-9dde-6c1d2b4bb1b0,53,55821.63,725,0.14,4,26400.06,education,mortgage,55821.63,denied
0fc016d1-4a7a-4413-b096-d77f7a258f87,64,18186.68,533,0.053,4,21182.69,home_improvement,mortgage,18186.68,approved
2a36682b-ca8c-482e-9242-7397c584a648,58,19696.93,649,0.295,4,4364.01,education,own,19696.93,approved
57e59cf8-cde4-45ea-b20f-a92aed4f5af6,72,53856.5,768,0.118,10,15005.37,business,rent,53856.5,approved
06ba3755-1723-4b48-9936-17c40a7d3a14,29,43556.13,559,0.347,3,29882.68,auto,rent,43556.13,approved
956089aa-66a0-4b44-92ae-d9bb5c8d69bb,34,24250.09,642,0.082,8,15178.37,debt_consolidation,rent,24250.09,approved
4d796d42-5661-4eb0-bc70-78f70182f3f3,54,25814.09,606,0.221,7,13558.04,personal,mortgage,25814.09,approved
7a168b67-8a3d-427b-965b-47c49bbd5f6e,72,117419.25,575,0.348,10,42023.55,business,own,117419.25,approved
7d460054-ff59-4193-b5d4-21cad14eb0a3,19,50781.42,683,0.289,3,24479.49,debt_consolidation,mortgage,50781.42,approved
fbb03828-9a03-4384-8d54-f7a66c527979,53,19043.56,486,0.321,5,44215.71,business,other,19043.56,denied
b2fe0f3e-c110-4985-9836-be9bc479f778,53,23816.8,780,0.126,4,7064.22,home_improvement,rent,23816.8,approved
b2e3ade9-0fdb-44ce-9b85-27c61e3afa5a,52,57672.9,735,0.103,3,1544.55,personal,rent,57672.9,denied
e7a0460d-a560-4dd7-957b-da9ff289e8ed,60,34961.18,548,0.223,5,5512.53,education,rent,34961.18,denied
896e3d5f-8bf2-4c4f-8e64-0e4dfa5249d0,66,35492.36,595,0.094,5,4332.89,business,rent,35492.36,approved
20100021-96ab-46f5-8ebc-56c914e427a0,40,21068.37,624,0.308,12,8109.38,home_improvement,mortgage,21068.37,approved
19b53bca-bf98-4d34-8291-2a1a3bbfe31c,27,11284.15,826,0.086,5,29069.89,personal,own,11284.15,approved
deb88d79-2bcc-4bbd-8db7-4287dd06f621,68,35536.98,820,0.262,8,9176.94,auto,rent,35536.98,approved
beaa67cf-393d-4d3a-8dff-924ca13784c4,55,26149.79,702,0.208,4,20213.93,business,mortgage,26149.79,approved
55648ee6-8a31-448f-8016-a80dd026a4f9,43,21850.51,732,0.122,5,14858.82,personal,own,21850.51,approved
cb271efc-81e7-4005-9c20-175ebd666874,76,11129.0,748,0.116,7,3260.73,debt_consolidation,rent,11129.0,approved
e4905c25-4ff6-41bd-9e92-c7dde44fee31,78,80893.98,716,0.207,7,37381.03,personal,mortgage,80893.98,approved
f9ec6942-fd82-4669-adb3-5999f270dd77,43,64404.53,663,0.212,5,4341.05,home_improvement,mortgage,64404.53,approved
c18afeae-6bde-4f74-a825-315c8ff6275d,54,51571.44,397,0.196,8,17227.32,home_improvement,other,51571.44,approved
f5e76f0e-5f6c-4b8b-8868-aa22b645d048,49,85495.56,581,0.3,6,4557.09,education,rent,85495.56,approved
937635c0-0e46-40a5-aca8-96c11f4e6e1f,42,19090.45,696,0.148,10,6591.09,auto,mortgage,19090.45,approved
0d6d0d55-c576-47dc-bbf4-f1b7f802b282,71,44463.24,850,0.127,7,41622.8,debt_consolidation,other,44463.24,approved
7f9e50cb-c8fe-4643-819d-7bfc42a40d2d,52,24354.64,579,0.056,8,56201.69,business,mortgage,24354.64,approved
7d090f77-d0e6-433f-bc9d-d5ad316385bd,55,67431.7,554,0.088,6,23052.12,education,other,67431.7,approved
f16216d5-6def-40ba-b52b-8fad041098c6,36,132282.51,612,0.239,6,6246.24,home_improvement,own,132282.51,denied
1b7594b8-e6ed-4206-a487-b01126bb572c,49,84504.18,568,0.217,0,25698.87,personal,other,84504.18,denied
441ee888-b33a-4d3a-b97b-514c895f4c83,48,12802.87,627,0.178,5,10260.62,personal,other,12802.87,denied
11b958a4-629e-43b1-a573-c766b9953725,39,30828.86,834,0.055,4,12205.07,debt_consolidation,rent,30828.86,denied
450dd958-018e-4b6f-8a40-6dc791ac3333,58,15406.51,694,0.076,6,38117.74,debt_consolidation,mortgage,15406.51,approved
7801ae43-f6d6-4687-8e02-cb6ce63e5fbf,18,81997.15,557,0.072,4,49080.43,auto,other,81997.15,approved
af8367b3-cca2-4908-b302-aff2c2fe7c7d,61,6393.86,774,0.249,3,56429.78,debt_consolidation,other,6393.86,approved
7fd9fa62-33c7-4fce-8505-951f4ba446b4,30,33413.04,532,0.044,7,10314.59,business,other,33413.04,approved
b56c1dc6-0f3c-41aa-9c1c-2080578160a5,50,37546.01,627,0.216,1,13768.36,home_improvement,own,37546.01,approved
f516cdd8-bc05-4514-ac9f-4a56a968982e,56,56527.43,552,0.182,10,74959.85,debt_consolidation,mortgage,56527.43,approved
65d28c73-c4b7-42d4-ab2f-57b3e72126d4,58,82501.15,627,0.032,6,31573.27,education,own,82501.15,approved
a7e029ac-fd62-411c-a59a-543266619d80,36,37294.55,662,0.289,7,15987.48,auto,own,37294.55,approved
d4b74a5a-81e4-42ce-94f2-01862f02d1ad,53,75581.65,486,0.064,4,40298.64,auto,rent,75581.65,denied
62fc475e-e283-4c2e-8a41-d4b4473dd59b,55,11437.54,644,0.1,5,32408.51,auto,mortgage,11437.54,approved
c3d52d8d-716d-41c4-9cca-e86a35c832bf,64,22122.37,693,0.163,5,2802.46,debt_consolidation,rent,22122.37,approved
0cb70fb6-2df9-46d9-bd45-0b4c26953b78,64,28994.33,850,0.169,2,13887.0,auto,rent,28994.33,denied
f89f672a-90d1-41f8-897f-d2b43b16edd4,72,22442.68,587,0.104,3,6531.22,auto,rent,22442.68,approved
f93a3230-cb5e-44b1-9291-9aee4b8a059d,56,73028.65,360,0.349,5,8111.07,education,mortgage,73028.65,denied
85be8079-f04f-4476-9d36-cb3ec75bb7c1,51,138665.79,639,0.146,8,15266.49,education,mortgage,138665.79,approved
d7004846-4b1b-4087-a6ed-33d972e64a5e,26,28734.24,670,0.12,8,32448.46,auto,mortgage,28734.24,approved
2525f73e-faf6-4ba2-b932-cf9425ccf3c8,77,13050.41,850,0.281,9,12993.93,auto,mortgage,13050.41,approved
e9ffbfc3-a78e-415e-9234-849b18b1c1f7,61,6690.77,596,0.281,6,12363.35,education,rent,6690.77,approved
ae2f85a5-1485-41ec-a058-1e6a513a4f0c,21,13539.17,562,0.072,4,40684.47,business,own,13539.17,approved
17baddb5-61a7-465c-a61f-1e50012263c0,56,132275.02,672,0.235,4,14732.89,education,other,132275.02,approved
c59aac78-40bd-4841-86e6-8ec4646a5866,26,53119.99,707,0.217,8,10905.28,auto,mortgage,53119.99,approved
f8045eb2-9ecc-423b-9100-604c21e190c6,66,56593.18,691,0.148,7,7023.8,personal,rent,56593.18,approved
b25548bb-19bf-49d6-909d-f3a93b632387,28,114391.47,680,0.129,4,11351.85,personal,other,114391.47,approved
fe89b169-54fe-4237-b2f5-8885a6fa4efa,19,25219.19,670,0.039,3,4025.2,education,other,25219.19,denied
5609a5fd-3924-45f6-88fd-d54ea1fdf85d,25,14317.67,567,0.113,3,23284.08,business,mortgage,14317.67,approved
2237e0ed-1ea0-497e-aced-a0519adb5fe9,33,19163.46,621,0.191,5,10586.71,personal,rent,19163.46,approved
c0146f55-d363-4f1b-be47-f2a7fc905b45,19,27296.77,658,0.305,7,2386.75,debt_consolidation,own,27296.77,approved
169d506f-e1a2-47df-94b7-366006414e17,41,125737.13,676,0.149,1,23619.25,auto,own,125737.13,approved
b91bb79f-0623-44a2-b9cb-6d8c0abc8a22,50,39504.03,647,0.279,3,20409.47,personal,mortgage,39504.03,approved
b19365e9-667e-475a-870b-a6467a6cb4e4,21,43015.11,553,0.256,5,49592.3,personal,mortgage,43015.11,approved
12278bbb-a29f-4883-8e1f-493b7ccaa640,36,33877.12,579,0.181,3,45119.24,education,mortgage,33877.12,approved
988924b4-56db-4eba-8545-85ef1484b41d,67,13949.3,627,0.146,2,9766.84,home_improvement,mortgage,13949.3,approved
4cc253e8-f717-4667-853c-bb5e25a47f51,75,35931.33,695,0.054,1,31601.08,personal,other,35931.33,approved
1c5906e4-d978-4060-af87-867f66197f5f,28,83918.39,634,0.215,9,8229.72,home_improvement,own,83918.39,approved
d8d12680-01a8-4333-9e44-85c084841729,75,130379.77,730,0.266,6,12359.17,personal,mortgage,130379.77,approved
1042b5cc-eca2-4af1-a360-6f853ca897ec,60,78053.36,707,0.01,7,7055.99,personal,mortgage,78053.36,approved
36d447be-fc22-4a1c-85f4-9410ea44ff5a,25,32816.56,710,0.3,6,10930.73,education,rent,32816.56,denied
9984ce46-0992-433b-98ff-9c0addefcc88,70,37372.51,732,0.062,4,8873.63,business,other,37372.51,denied
2ab890d8-caeb-4972-9126-768596d4d5b2,68,21326.8,680,0.213,8,16526.47,debt_consolidation,rent,21326.8,approved
71d4d62c-7416-4eec-a345-542d080d24ec,39,121896.04,680,0.233,5,6720.57,education,mortgage,121896.04,approved
e1e709f6-4af0-48a3-bb20-a2db461c2721,61,43078.32,778,0.236,5,13151.63,education,mortgage,43078.32,approved
dd51da9b-7438-4230-8333-fd5b7dee5ce2,44,25330.16,538,0.116,2,12127.63,debt_consolidation,mortgage,25330.16,approved
95175537-18d1-4500-b065-8678d35ae075,72,48711.61,673,0.392,2,9747.98,personal,mortgage,48711.61,approved
5302894e-cb5c-4d53-9722-b8aff06eb192,24,27220.39,850,0.077,6,66494.49,auto,other,27220.39,approved
c1866bd7-0a49-49b1-bc7c-c58bc60b3d44,47,38449.24,780,0.094,5,19236.25,debt_consolidation,mortgage,38449.24,approved
c1503d7b-9278-4672-bed0-6ad398feffa4,23,17031.3,680,0.265,5,7684.39,auto,own,17031.3,approved
1eb40d04-773d-4061-b299-18513c541994,22,7657.74,740,0.306,1,6006.21,home_improvement,own,7657.74,approved
ff2d5b6a-e4db-4182-aacd-0428325e596a,39,19641.74,567,0.121,4,14491.47,education,mortgage,19641.74,approved
20d4ce53-fb7f-49d1-9477-7802918602ed,32,16453.3,656,0.212,6,8240.28,business,rent,16453.3,denied
35c696de-3297-4cb1-b71e-79b99998ad88,78,21715.59,568,0.122,5,5666.28,home_improvement,own,21715.59,approved
7026f482-4c20-4fe5-b264-087b240ef13a,65,4698.76,629,0.084,6,10842.95,home_improvement,mortgage,4698.76,denied
61c1c8c0-75cb-4db0-8b49-01fe42110d14,21,39571.69,812,0.203,4,12722.98,personal,own,39571.69,denied
74c7bac0-3594-45d3-8c3b-4a2416181517,69,21696.34,598,0.328,2,11336.42,personal,other,21696.34,approved
6a07f7a1-9f0e-4af6-b4fe-a35460bac8a2,54,83424.89,703,0.241,7,8628.22,business,other,83424.89,denied
dce7ff69-fdd8-4d6c-9eef-423bb6b9c072,60,25311.09,750,0.146,7,33319.83,debt_consolidation,rent,25311.09,approved
f6333326-ec1f-4a4a-93ab-fd5211c279cc,21,54488.41,682,0.197,7,37706.8,home_improvement,other,54488.41,approved
dd37a3ba-1b50-41b0-88b3-18afc8b70e0d,38,35738.81,590,0.362,6,21740.04,home_improvement,own,35738.81,approved
c06cd6c5-bb47-4c29-9810-0e80a808615f,52,26232.85,670,0.2,5,20153.36,personal,mortgage,26232.85,denied
4eb27315-4e89-4a00-81b7-55cec4a6a148,77,41179.97,528,0.194,6,61077.91,personal,other,41179.97,approved
6b9a0b45-7c80-4948-b4bf-52256db611ab,41,47656.29,580,0.205,6,12138.07,personal,other,47656.29,approved
95775b38-2f4d-4a2b-bafd-e045bd0aed4a,69,31162.34,729,0.026,6,6693.14,personal,other,31162.34,approved
de90ff1f-0900-4c6f-be6a-15871332c1b7,47,11635.22,600,0.123,4,8827.88,education,mortgage,11635.22,denied
ecf8f9a9-b677-44cc-a089-5e7efff41f4a,32,42990.48,738,0.107,4,38251.25,education,other,42990.48,approved
dac824e9-d1d7-42c9-ade7-de89cbc3af6c,19,31402.99,475,0.256,7,4767.81,auto,own,31402.99,approved
fd79d218-9fbc-44f0-a8dc-b48416f61557,66,5756.0,758,0.228,3,14647.44,personal,mortgage,5756.0,approved
3608e55c-4373-44dc-9ff3-e81bd3571190,30,29570.21,661,0.233,10,25554.35,business,own,29570.21,approved
5bc8a671-a77c-49bd-b32b-c4119999f01e,35,52818.75,623,0.121,2,10451.44,home_improvement,mortgage,52818.75,approved
d15469b9-3171-46d1-acc1-7236d60584d0,46,16927.94,791,0.148,5,5350.89,education,other,16927.94,approved
d4a1bf96-ea3a-46ba-8809-1d898114e129,52,39182.75,566,0.158,4,4072.38,education,own,39182.75,approved
73b7bade-6c97-43f1-92d9-aa6dfb30742f,47,96252.07,624,0.17,7,5516.15,personal,mortgage,96252.07,denied
db2f1e19-67cb-4d7f-af2a-3f8b4d3ad58e,37,31243.15,672,0.016,6,38602.56,education,other,31243.15,denied
28c83181-19bc-40f8-bdc5-8a39f226aaaf,41,53231.15,650,0.125,1,10861.32,auto,own,53231.15,approved
90d9408f-cc85-4a7c-a580-86540d4258a7,78,111196.37,509,0.046,3,13208.84,education,other,111196.37,denied
c9f8d015-6890-499d-a452-374253a9e6e1,22,41287.3,531,0.282,3,4869.94,business,mortgage,41287.3,denied
99bb406a-7ebe-4f52-b27c-2c4a897df2c4,18,19820.51,542,0.192,7,86450.81,business,own,19820.51,approved
a50cec89-d53a-4bc2-ad27-b8f895c95ba9,36,43502.49,548,0.023,5,6454.34,education,mortgage,43502.49,approved
18350c21-6a39-435f-ad97-3d37cc3aaf11,72,37057.02,505,0.112,10,40116.8,personal,rent,37057.02,denied
efbe55b6-9068-4390-bf3e-91402c924325,66,17742.9,570,0.1,4,14231.31,auto,other,17742.9,approved
e9536c66-c6e4-4135-a9da-ac6b9b297cc9,29,77317.88,587,0.275,10,26510.43,education,own,77317.88,approved
de63cbcf-18ee-4b6c-8e02-2b18c9a9bfc9,21,22637.77,635,0.103,4,42788.17,business,own,22637.77,approved
b824a944-22b9-4379-afda-71a5bedb0ea7,19,36393.99,748,0.29,2,30398.96,personal,rent,36393.99,approved
7c66afca-9c95-48c3-aec0-11d9e685b27b,58,27322.79,511,0.079,7,20313.01,debt_consolidation,mortgage,27322.79,approved
319bf5d7-ac74-4a78-8209-d08b18a9efdc,25,10756.59,647,0.028,2,6260.44,home_improvement,own,10756.59,approved
8db15f04-6fe0-4567-b5ec-605325fc8511,49,67473.85,670,0.033,4,15774.02,debt_consolidation,rent,67473.85,denied
504efddc-dbf5-4693-b569-d72523266a8e,36,76264.16,627,0.211,3,8381.59,auto,mortgage,76264.16,approved
caa44cae-e0aa-4225-b5d8-78ebad004a73,30,24198.46,566,0.248,5,12601.53,education,mortgage,24198.46,approved
96ac3360-ed40-4bdf-b62f-ac5466a352ac,61,79079.03,671,0.08,5,41507.73,business,own,79079.03,denied
f68d8a9e-4e0c-4a8d-9401-c8b6bfcfb03b,20,77081.85,513,0.353,2,13804.3,auto,own,77081.85,approved
1538a2e8-a9b5-4d92-b5c6-8211a6908d77,63,18006.15,679,0.133,6,14269.28,personal,other,18006.15,approved
0d4e1ce8-05b9-42b8-bfdb-9d53745f3c33,72,59920.08,721,0.197,4,29280.67,business,rent,59920.08,approved
c7f2b20c-d12b-407f-9890-697119233c46,79,21599.8,827,0.254,5,14837.03,auto,rent,21599.8,denied
f0780925-a806-48bd-88c8-32deeff42870,46,33783.29,485,0.081,7,9895.57,home_improvement,mortgage,33783.29,approved
8c4e491a-788a-4e77-9d0b-1f920ebdbc7e,62,29074.0,740,0.113,4,20212.07,home_improvement,rent,29074.0,approved
c60adc04-7227-4ee6-b8eb-211e5debe9f1,37,20239.67,850,0.037,4,8510.36,auto,other,20239.67,approved
b5bf08c0-90f7-49b6-b36f-de52586a40d2,61,34264.89,680,0.22,6,15490.06,auto,rent,34264.89,approved
b349b3c9-1f33-4e82-8d87-b9b94ddf3800,35,21990.2,665,0.17,9,40699.77,home_improvement,own,21990.2,approved
89e5d63a-76d9-4005-acbc-bcac59838f29,46,82677.12,618,0.128,5,11316.51,personal,rent,82677.12,approved
74ba9c91-bf79-41a3-816a-e6ac6b4d084c,20,419624.04,503,0.373,3,3064.8,personal,own,419624.04,denied
a04d6e47-9443-4684-931b-f71e46731351,43,112097.03,497,0.185,6,23133.91,home_improvement,other,112097.03,denied
e74eb58f-a2b9-4574-9d62-e4da70cd2062,22,97512.48,609,0.436,4,1663.42,auto,other,97512.48,approved
2037bdcb-0c64-4182-b3a1-e6a199801161,51,41742.03,584,0.498,6,36251.97,personal,own,41742.03,approved
93a7e3a2-5010-4b61-a3c8-714e37e33476,57,21762.44,547,0.102,7,26658.87,education,other,21762.44,approved
7a45c87b-aa1e-41ea-af8f-b93e665c400e,76,54488.79,720,0.109,2,5822.38,personal,mortgage,54488.79,approved
c862d367-92f0-47d7-b00e-fa64baca9aab,49,11945.08,729,0.198,11,8701.34,education,other,11945.08,approved
f57a6892-6180-40d0-b94a-ae2f9b9461b6,69,52998.4,723,0.411,3,19821.8,debt_consolidation,other,52998.4,approved
aaf52374-6091-4e39-b725-b7b59246b88a,31,12550.16,614,0.204,4,16234.76,debt_consolidation,mortgage,12550.16,approved
796b60b5-60e5-41d1-bbaa-6e692b091fe4,27,95868.3,708,0.192,6,8529.21,personal,rent,95868.3,approved
f81c6104-35ca-4893-9a15-2f70f4b89063,29,18002.57,539,0.389,3,56992.51,home_improvement,own,18002.57,approved
ab879a28-a9fd-4d69-83cd-0c5e0e603452,64,22920.74,666,0.187,6,17536.64,home_improvement,rent,22920.74,approved
b14e71a7-b986-4a89-a3f7-4d9f42bdd689,19,104769.56,588,0.056,4,15769.2,debt_consolidation,rent,104769.56,approved
c606c39c-2ebc-4927-bd92-8b2fd7f73f26,64,38121.78,641,0.103,1,39041.05,debt_consolidation,own,38121.78,denied
f7f6df9b-5e00-495e-8dbe-e12b5860543b,26,64417.74,803,0.101,6,50587.19,business,rent,64417.74,approved
d288985e-c129-4a92-a927-82a84dd35d4e,66,60313.23,712,0.11,6,42928.26,business,rent,60313.23,approved
00d2193a-e94e-4e36-a205-d6a48814eaac,76,123588.0,788,0.043,3,7136.57,home_improvement,other,123588.0,approved
5744069c-85bc-4800-a06a-dbdd5bad9dc5,28,22395.63,820,0.162,10,16179.88,personal,rent,22395.63,approved
62749c47-bb3e-4d43-ac86-6df4dc326ada,23,23921.27,757,0.075,6,19389.12,education,other,23921.27,approved
035787d4-d8c8-4cb7-9fb7-539b3665ef23,24,92968.12,648,0.09,3,9888.17,home_improvement,other,92968.12,approved
fb25bf6c-8a2b-4793-8738-c52da50c22c3,38,66120.99,745,0.09,5,14596.63,auto,other,66120.99,approved
7ace5ade-8426-438c-987d-8834c3d16b16,63,39655.7,658,0.427,9,5827.75,personal,mortgage,39655.7,approved
b339bbf0-e451-45d3-9e42-8d30d4523360,57,61124.68,659,0.236,6,3069.27,debt_consolidation,own,61124.68,approved
e34250b4-7a7d-47db-907e-49cd0899677a,56,32785.42,590,0.126,6,1621.98,home_improvement,rent,32785.42,denied
c609388a-7a88-4fea-b9c8-8c99e2d7610b,65,36401.41,663,0.192,9,23849.73,auto,rent,36401.41,approved
cb6f6521-b10a-486d-91d5-76458161f22d,60,16856.95,733,0.262,7,11525.67,debt_consolidation,other,16856.95,approved
023a0b6a-257c-4ea6-9bcd-5e06a0f36244,65,22275.96,516,0.142,5,34338.98,debt_consolidation,own,22275.96,approved
113da331-4a0d-4f38-af45-333cb755e065,31,23457.8,631,0.257,1,22498.81,business,mortgage,23457.8,approved
37f58e81-cdeb-4c68-a830-1125f4b7cdd6,77,16376.78,660,0.07,3,120582.06,debt_consolidation,mortgage,16376.78,approved
1d060d7f-2fb6-4a84-933f-a971204d1976,45,40360.59,638,0.178,7,8068.72,debt_consolidation,own,40360.59,approved
02c8fb67-d820-404b-a838-27e54b01ad3c,47,17932.34,689,0.119,8,41648.74,business,rent,17932.34,approved
2525f5a8-b0d2-4d87-b8e2-d52803a942c6,75,68104.41,521,0.183,6,28234.89,business,other,68104.41,approved
ac821e81-4bb7-46dd-b9e9-fcfb97980894,63,31480.85,526,0.287,5,23992.5,business,other,31480.85,approved
c6062c2b-bd4c-4093-a4b5-73cf9b428a3c,60,201717.17,532,0.117,2,11059.12,education,other,201717.17,approved
2a88ad94-eb9d-4f7c-b906-d7a03b448ea6,67,25093.81,546,0.274,3,13411.27,debt_consolidation,mortgage,25093.81,denied
66cb1ed1-2677-4bac-8104-d16db8c9968e,19,20477.87,803,0.31,9,63788.36,home_improvement,other,20477.87,approved
9642cfd6-eb5e-482f-9d48-525cb5f007dc,40,25488.36,670,0.207,5,13950.37,personal,rent,25488.36,approved
0095eaba-eb4c-438b-b35b-dfaeee647958,63,52373.46,783,0.205,5,15076.44,debt_consolidation,own,52373.46,approved
0732c8de-dc81-4a7e-8138-47c07d4703dc,37,62049.86,642,0.085,6,16465.35,debt_consolidation,mortgage,62049.86,approved
e86290fc-3337-42d5-b439-ba9623647056,37,58793.51,547,0.217,4,10302.42,home_improvement,own,58793.51,approved
cf8010d6-0321-4394-8d8d-98ba954e5b79,24,57494.82,584,0.119,7,10637.06,education,other,57494.82,approved
12f7a88d-01d3-4d49-95f1-754b627a02e5,77,26526.47,759,0.07,6,16804.2,home_improvement,other,26526.47,approved
55809b30-d247-4eee-af19-7e49a677041e,63,39399.44,639,0.189,4,15354.58,business,own,39399.44,approved
eb4ee644-074d-44db-834e-5447e31e32d5,44,17547.18,395,0.221,4,21366.12,auto,rent,17547.18,approved
1235ca37-9ded-4d9d-b582-4e51312ec303,34,37423.44,784,0.095,6,13036.87,education,other,37423.44,approved
4d98e970-8587-493e-940d-d1956ec1aa58,78,82546.97,806,0.384,6,25351.63,auto,own,82546.97,approved
1e8617aa-dd23-477a-9d70-c99dd3d7c428,37,20190.95,561,0.143,5,6315.71,debt_consolidation,rent,20190.95,approved
13bc83f7-08de-40bc-95c6-9a30cf9612ff,56,22755.32,736,0.186,5,14699.99,debt_consolidation,other,22755.32,approved
4c3851db-1e01-4167-8bb9-d97f3d6b1e33,32,36860.52,738,0.102,3,3856.42,personal,rent,36860.52,approved
8d7661ac-ddc6-4fe1-aaea-a342124bb2a7,31,29405.94,672,0.114,8,26670.77,debt_consolidation,mortgage,29405.94,approved
98495d21-34bf-4012-9388-dccbf761421f,41,51729.47,669,0.335,7,29525.42,education,mortgage,51729.47,approved
11241387-735d-4cf3-bf0f-9ea73f28a7db,75,75121.67,579,0.119,4,16054.76,education,rent,75121.67,approved
b5151033-4328-4866-98f7-5694e3fbac45,42,43695.85,722,0.114,9,8081.18,home_improvement,own,43695.85,approved
ac963737-82c4-4a93-8ca2-b5024e6859b3,20,28993.77,566,0.024,5,8465.2,auto,own,28993.77,approved
969382e6-caf8-4d44-b485-89ad329ee048,66,37427.39,624,0.31,4,11302.74,education,rent,37427.39,approved
fb3d09ee-1c61-4ddb-9bf3-337d17b5e7ef,22,23193.55,664,0.097,3,11273.76,education,other,23193.55,denied
4e9f9d48-8ff1-431b-8aca-9e45bcddbbb0,75,22280.97,725,0.188,5,14953.11,personal,rent,22280.97,approved
8e588735-5352-4c00-8940-e5cb7ddf1406,71,41472.58,498,0.183,4,15558.14,home_improvement,mortgage,41472.58,approved
f8b236be-3ddc-4247-986c-86a399d48760,22,49734.45,540,0.169,5,31971.48,debt_consolidation,mortgage,49734.45,approved
5ca3a10d-9700-4f34-9ad4-080c24ad488a,37,7865.9,764,0.17,3,33721.03,education,other,7865.9,approved
d40ad059-6ff0-4e85-8b15-1c525eca05c1,57,89376.96,681,0.201,9,10574.45,debt_consolidation,own,89376.96,approved
d16aa847-7536-43fd-8d75-63107e9655a6,27,31144.82,641,0.071,1,16373.29,home_improvement,own,31144.82,approved
2c87f95b-c244-4cfd-a792-d579d4ed1068,32,27988.2,850,0.017,1,24532.89,business,mortgage,27988.2,denied
8fbcaff4-7eb0-4d71-a2f9-e5befc94482b,21,21902.28,583,0.166,7,6180.89,auto,mortgage,21902.28,approved
e3d0900c-561a-4a07-8138-f7c3a6c2546a,22,23464.63,695,0.033,4,10190.44,education,mortgage,23464.63,approved
6ce832ec-77f3-4065-89d6-f82dabb69b56,69,24210.94,627,0.251,3,11770.94,debt_consolidation,own,24210.94,denied
4bba34c3-5dc3-4cfb-be0d-52f0c857bed6,33,35665.0,641,0.137,6,12588.07,education,mortgage,35665.0,approved
3207cadb-5da6-413d-87da-7b046a7d3e46,34,22247.96,543,0.136,3,35255.55,auto,rent,22247.96,denied
342535d9-02dc-4e92-a804-af5c5637b861,46,15119.94,546,0.035,3,5172.67,education,other,15119.94,approved
2ad12202-459c-4f16-9109-7f3b86fbc4e4,33,47591.79,611,0.022,4,17052.46,personal,other,47591.79,denied
7e6dd2de-dc62-420d-9dd7-116288117377,26,20729.7,554,0.144,2,70616.26,business,mortgage,20729.7,approved
670307a7-601e-4308-8a19-d0495abf8a0d,59,55473.27,761,0.239,6,15492.95,auto,other,55473.27,approved
ce4bd159-4379-4e7a-b5da-e59aeb703089,24,48913.63,716,0.069,8,19167.67,personal,rent,48913.63,approved
983939c1-1090-4494-bf0f-646dbee98ab9,73,20624.75,720,0.235,5,11516.15,business,own,20624.75,approved
2a6c70fc-e5fc-497c-8b94-da48a469ce80,18,28992.88,769,0.175,3,20083.0,education,own,28992.88,approved
90586b34-09e0-488b-9903-506b844ababc,54,11293.48,755,0.109,9,6602.11,debt_consolidation,own,11293.48,approved
4fe281f6-5c7b-470c-bcd0-da8d3220801f,56,22058.33,766,0.088,7,9873.34,debt_consolidation,rent,22058.33,approved
20f8e13a-dcc3-455a-8ad3-167abe4e44ec,45,82383.39,663,0.137,5,8085.38,education,other,82383.39,approved
15bab034-e79a-4e9c-b040-834fc66794f9,28,29684.28,756,0.11,5,17508.1,debt_consolidation,rent,29684.28,approved
4177be27-1035-45fd-a6eb-8930594353d3,44,41468.72,550,0.274,5,8037.06,home_improvement,own,41468.72,approved
f196f456-7a4f-4501-95b7-9b29f1f83920,65,59453.85,551,0.055,3,34954.1,debt_consolidation,own,59453.85,approved
69839f1a-7dd0-43ac-b1ab-0a485d58c5e7,51,144293.54,648,0.137,7,2642.99,education,rent,144293.54,denied
8c756e17-7d46-42af-ba2a-b3e8afcc8344,41,63974.98,598,0.199,6,15509.23,auto,mortgage,63974.98,approved
2752def0-2f5e-404b-8aca-b0ac4b3fb279,50,15131.18,652,0.029,6,18405.14,home_improvement,rent,15131.18,approved
7d614e08-2c15-40be-908e-8d2e37468030,24,39804.91,550,0.218,3,8929.85,home_improvement,rent,39804.91,approved
7c63e518-e5fd-4bb9-b49a-40aea5d17ed4,78,9974.29,741,0.112,4,64733.48,education,own,9974.29,approved
cd570aed-079c-465d-864b-283cd1f2c268,65,13763.95,770,0.093,6,9667.08,education,mortgage,13763.95,approved
f35a92a3-9860-459b-ad14-ebcd338f3560,54,48006.26,601,0.027,4,11591.92,home_improvement,rent,48006.26,approved
aede5275-9b79-487e-90b3-e00bab5bf1ef,61,14060.57,682,0.251,8,40442.06,auto,own,14060.57,approved
5cc0af40-2439-4bc7-ae58-9514ceae7f7d,49,51501.33,706,0.266,2,6719.56,business,mortgage,51501.33,approved
bcb86052-d254-42f7-87dc-573b680acfcc,55,64182.36,357,0.35,1,15541.81,auto,mortgage,64182.36,approved
0c84831d-356c-4d71-b98c-eefe93f660e5,65,23079.47,570,0.183,10,15170.4,personal,own,23079.47,approved
95a30945-6e78-4625-a3c5-980ecae90fb2,79,28082.76,747,0.034,2,55057.54,home_improvement,other,28082.76,approved
57ceeb98-96af-42c7-97ca-9122212033e7,20,37670.14,699,0.059,3,10313.98,debt_consolidation,mortgage,37670.14,approved
615d7235-c29d-4a53-86bd-3c50fe488d60,52,99999.94,769,0.071,3,54542.43,business,other,99999.94,approved
23805888-6676-43af-928f-2d6a7b0c7c63,77,84179.81,678,0.173,4,6170.09,business,mortgage,84179.81,approved
4a73e807-1927-45c3-b69e-41f0fb9672ae,72,113597.46,476,0.451,7,5563.12,business,own,113597.46,approved
c6c35c3d-9c8f-49a7-a027-bd02900ec9f8,41,84395.73,587,0.033,5,56818.2,personal,own,84395.73,approved
0a07a79f-92e1-4060-97ea-5f7d581c700f,67,12939.42,733,0.157,2,8192.23,personal,other,12939.42,approved
1940d428-9b62-45d2-8070-dfefdd800e8a,78,28171.62,594,0.039,6,6276.98,home_improvement,own,28171.62,approved
513831c0-247b-4d30-b9dd-f5ebbd61c791,42,25845.61,850,0.332,3,15677.97,personal,mortgage,25845.61,approved
c9f91f7a-7940-4a44-9204-5248736505ec,32,73049.75,619,0.107,6,6857.45,debt_consolidation,other,73049.75,approved
6e070e2f-148f-43a2-bd9d-c2367297b471,63,58227.59,468,0.072,5,8411.77,personal,mortgage,58227.59,denied
aedbcc1c-7818-434c-8ecb-ecee13b198ea,67,27415.8,634,0.402,3,25775.08,personal,other,27415.8,denied
542600dd-6558-43f5-94e5-140885b45b30,32,37493.82,692,0.295,3,5294.47,home_improvement,rent,37493.82,approved
61cd0404-45c0-4d2e-b0ba-f1ef4a550b2e,62,24453.11,692,0.18,4,18009.94,home_improvement,other,24453.11,approved
98c6a6e4-6259-4bcd-99a8-f427f6cea626,38,45191.52,540,0.254,7,23241.52,personal,mortgage,45191.52,denied
c81b204a-bb80-43a5-8745-915f6116a64e,33,28410.18,754,0.21,7,19505.29,personal,other,28410.18,approved
b23f9b8a-e6f6-4d74-88f1-5eefaa65512b,41,69991.5,681,0.093,7,11308.71,business,rent,69991.5,denied
5c206a73-b215-4513-937b-eb94ac7fdcd4,30,34799.47,672,0.093,6,29627.71,auto,rent,34799.47,approved
8f9787d0-6e80-48ad-af73-73e7fb1070a0,70,119637.41,693,0.225,3,20612.89,auto,other,119637.41,approved
b0644e44-426c-4313-acbb-4710e1937dee,26,13543.0,609,0.164,4,2341.03,personal,other,13543.0,approved
0d13de52-0dec-4975-b04f-c1368290c9af,59,41148.13,639,0.154,3,2765.18,home_improvement,other,41148.13,approved
7206c3a8-9821-477a-8024-d7627f0ef05a,20,24109.03,750,0.029,7,4576.41,personal,mortgage,24109.03,approved
7a1c05f1-77b0-4170-b8b3-c8a29e387d95,77,40612.06,466,0.062,2,27800.47,personal,own,40612.06,approved
cd1733ea-66ab-431d-93f2-8f24778e1f7c,31,68615.37,695,0.155,2,12408.37,business,mortgage,68615.37,approved
c2474347-bf69-4553-a1be-273ec1a6918c,78,14712.43,501,0.149,10,36574.51,business,own,14712.43,approved
d569e830-dc70-4489-9971-99ad3fdb07ad,39,63149.8,780,0.256,2,9835.43,debt_consolidation,rent,63149.8,approved
624c60b1-ba1d-4ab1-b29b-3d209400f311,22,33302.57,690,0.112,3,15459.84,debt_consolidation,own,33302.57,denied
fffdfc98-4aa2-4c38-ab17-447c8c348136,49,50501.15,671,0.12,9,24442.91,business,rent,50501.15,approved
b89dd8dd-b060-4fe8-be84-e9418ee1c315,63,209657.74,429,0.06,5,20147.58,personal,rent,209657.74,approved
f8af4d3e-44ad-4064-b02f-93d18251dd6d,41,26466.51,571,0.169,7,4393.24,auto,rent,26466.51,approved
277d22e7-cc98-41ba-8707-17c77d024cb6,35,40555.76,670,0.144,3,11610.22,debt_consolidation,own,40555.76,approved
d267ff43-d9c0-412b-a032-965c8fed5359,69,142530.64,637,0.332,10,20910.61,education,own,142530.64,approved
e00c9ba5-ab2f-4340-a0df-6b8661b77d99,18,8836.86,637,0.061,5,10325.56,auto,other,8836.86,approved
b02e7168-51c1-4a11-af51-1f03c9faf199,20,34159.47,704,0.249,3,28803.26,business,other,34159.47,approved
49b825a2-4d01-49d1-b7e0-7b292217618c,76,50198.41,648,0.241,4,32063.44,education,own,50198.41,approved
040067aa-08cf-450e-b3cf-0bc3fd1972bf,70,23911.58,410,0.088,5,76670.89,personal,own,23911.58,approved
66ca51bd-8c99-4c74-9995-cfa21351502a,38,54141.43,718,0.196,3,16195.78,home_improvement,own,54141.43,approved
5bbe5402-bdbc-4130-9bd2-8f1302591567,34,28086.68,579,0.289,9,10943.58,debt_consolidation,other,28086.68,approved
c8b6c18a-0689-406a-81b8-2ff9ba2553fd,70,209222.07,731,0.251,4,38740.69,personal,rent,209222.07,denied
8e12bc84-b5dd-4cc8-97c1-5784227ea606,43,8480.56,617,0.28,6,7539.79,business,own,8480.56,approved
aa7c6f6d-d3de-4616-ba67-0686ec3ff3ae,49,23696.19,647,0.301,5,2975.66,debt_consolidation,own,23696.19,approved
89a28add-559f-4730-a84e-f6cf738a2365,78,9933.92,728,0.113,11,20202.41,home_improvement,rent,9933.92,approved
94a27b16-1f54-41a7-9839-2f8596d26ce6,65,31099.3,742,0.288,2,9584.67,auto,rent,31099.3,denied
ce95f122-b1be-425a-a23e-912e727a218f,39,76626.88,617,0.138,4,26922.06,business,other,76626.88,approved
1c72d983-234a-48e2-b08f-e5090a1e7374,52,26195.97,558,0.199,2,11897.41,debt_consolidation,mortgage,26195.97,approved
328bb440-f77f-496d-82fe-275ad95e0a93,57,47997.81,693,0.067,5,8084.35,debt_consolidation,own,47997.81,approved
580c623b-5972-4ccb-a2d5-66671f0b697e,55,4796.86,558,0.049,3,8333.88,home_improvement,other,4796.86,denied
c965ed03-5c8f-4024-be79-45444976a846,57,17960.0,479,0.318,6,7002.67,business,rent,17960.0,denied
cae96415-1ee8-41e8-970b-c0851dcdbb95,51,18059.58,522,0.185,6,11969.91,home_improvement,rent,18059.58,approved
0cb9fd48-c314-4e6f-afeb-0758ccad51d3,41,44512.21,613,0.303,8,25230.06,home_improvement,mortgage,44512.21,denied
7e35119c-3f24-415d-afa5-c9dd79bd8577,77,77325.33,658,0.105,4,17240.86,auto,mortgage,77325.33,approved
c6425dc7-c99b-4c7f-8e93-93ce11ca9b82,47,16212.81,690,0.116,3,9379.45,debt_consolidation,other,16212.81,approved
750d7281-e8bf-46fe-9479-dc3f1b0fbdcb,68,17217.93,656,0.148,1,10089.92,debt_consolidation,mortgage,17217.93,denied
8cd5c68d-dc89-45c1-a904-70292a454a4e,36,14867.65,689,0.313,10,110211.43,education,rent,14867.65,approved
1e0e0a3f-4a71-4195-ae33-c04013a6cd3d,46,53517.78,735,0.248,3,57457.06,auto,rent,53517.78,approved
60d08b3e-f28c-4d24-9176-d42dd33fc515,66,30744.59,654,0.232,6,3590.18,auto,own,30744.59,denied
8b082e04-8a6a-4d74-8ec8-d406adbc2705,29,25278.0,620,0.124,4,15396.62,auto,other,25278.0,approved
f785e9ef-a40d-4292-b737-1d03bfd1d8ab,37,8350.6,574,0.091,8,77418.3,education,mortgage,8350.6,approved
9f051f58-0b8b-4359-871d-1d6c7189cb9d,26,27814.22,704,0.157,6,12019.56,personal,mortgage,27814.22,approved
f51f1f85-6b71-46ae-b583-b4444a6c0226,29,25169.5,657,0.168,4,47856.53,debt_consolidation,mortgage,25169.5,approved
807972c8-302e-49d7-852b-3e7974542ceb,56,26361.42,668,0.254,3,35076.49,business,own,26361.42,approved
ee9fe21c-ab36-45ba-a1b9-5811d4d5c213,56,12468.77,550,0.33,6,13672.5,auto,other,12468.77,approved
92b272d9-301e-4094-944d-4828ac844c09,63,27268.41,750,0.044,1,35462.33,debt_consolidation,mortgage,27268.41,approved
2a6ce2f7-fa62-451c-a30d-8c0c18ebaa34,20,17091.3,603,0.024,6,5308.4,auto,other,17091.3,approved
46660692-0d65-492a-90c5-cee689c3ff04,27,45568.92,850,0.025,3,8247.19,home_improvement,other,45568.92,approved
4eccdbbf-c3d5-424c-b47a-6d408be1fc70,39,45366.8,553,0.237,5,13330.69,home_improvement,mortgage,45366.8,approved
68a58b1e-93ce-4bc9-83d6-faee3d47a8ee,65,41524.75,560,0.491,6,10600.09,debt_consolidation,own,41524.75,denied
184c9c31-f918-4c6b-a052-dae3ad716d48,22,12988.15,664,0.255,5,17513.15,personal,own,12988.15,denied
9e0ca6ec-6ac0-4c95-a448-4741445b903d,75,10747.39,544,0.205,5,14959.22,personal,own,10747.39,approved
723c3980-f252-47d8-b4ef-ec75a2244933,51,22807.64,727,0.14,7,2808.35,education,mortgage,22807.64,approved
0cf6921b-cc5b-4101-bf2d-730a6fa02a46,76,49040.07,578,0.26,6,23764.3,business,other,49040.07,approved
e972ea1a-080e-4bab-bfe1-cf8a3f2c9b68,75,14115.23,812,0.177,6,24957.01,education,mortgage,14115.23,approved
c8ba8476-e702-4309-852a-f42fbf81604a,31,34764.49,699,0.257,7,2403.71,education,rent,34764.49,approved
ce895c15-3e91-42cb-b2db-b5b3dc16e95a,75,41065.93,779,0.171,3,19147.36,debt_consolidation,own,41065.93,approved
9c656b3d-e543-4f62-ae43-9ab6aa04e57f,72,24991.76,584,0.238,6,26512.25,debt_consolidation,other,24991.76,approved
3cb9ebd7-1bed-4e15-9dfb-7fa69abe5fee,60,117496.52,634,0.287,5,16583.53,business,other,117496.52,approved
980fda83-bb44-4618-98a5-813197055c97,52,24310.46,622,0.306,3,39234.62,auto,other,24310.46,approved
9dbf77ba-b777-446a-be77-cf03a74fce5e,61,15020.21,511,0.172,10,12229.07,auto,own,15020.21,approved
f4c5ae14-64bf-4707-8fab-16865a20bdb4,33,23666.37,356,0.079,6,9335.44,home_improvement,rent,23666.37,approved
4df2c12f-815c-41e3-ad43-f04105f4f6c8,32,17974.55,794,0.063,3,22568.79,business,own,17974.55,denied
f1b6bffd-b1f5-4491-bc8d-5feace092d6a,65,65955.01,527,0.288,3,25517.9,education,rent,65955.01,approved
2f0ed7b5-ece8-49e9-bda5-19210c7d2f89,43,24122.04,503,0.024,1,16652.27,business,other,24122.04,approved
2b3ab6f5-5fd5-4c49-8e48-044ab4ee3418,48,60347.2,663,0.27,4,20673.94,home_improvement,rent,60347.2,denied
fcd31802-10b1-4d95-a20e-718bbaec96e5,79,7941.84,610,0.314,2,26083.06,auto,mortgage,7941.84,denied
4a0e44ad-0b10-4e67-b7d2-71dd0de30654,47,58714.82,566,0.102,1,8867.08,education,mortgage,58714.82,approved
3a757b54-4708-4126-a873-23e26d68480d,67,35895.7,639,0.065,6,21592.37,personal,mortgage,35895.7,approved
bfe48409-f126-4a09-9d34-ae5269dfd066,35,27538.75,702,0.062,8,15406.42,education,own,27538.75,approved
ef40aad4-e363-4bd7-8a4f-7ff9b5a8b385,39,17099.36,349,0.144,4,12881.69,home_improvement,mortgage,17099.36,denied
e1712ff6-10c8-4e17-82ac-5d18ec6b8883,75,23114.21,705,0.005,7,3622.54,auto,rent,23114.21,denied
b33f8e1b-b16d-4fb7-9749-25a8476368cf,19,34614.6,615,0.285,3,11349.64,debt_consolidation,own,34614.6,approved
e72ce1b7-b23c-482c-bd3c-2ecdee3a4cc6,41,57123.39,620,0.155,8,36977.18,auto,rent,57123.39,approved
2fd53bd6-bb5e-4a93-bf3b-1bad31e16065,76,51177.52,704,0.248,3,59783.41,business,other,51177.52,approved
66ba7299-d735-4758-8770-058abf0a5957,48,72016.48,479,0.283,7,31058.53,personal,mortgage,72016.48,approved
7945af68-a23c-4789-8958-8d114d7625cc,22,44518.64,745,0.09,8,11706.53,personal,own,44518.64,denied
258f619b-d7ae-4132-827c-c495c42fce51,49,20362.28,637,0.143,3,14590.59,home_improvement,rent,20362.28,approved
f809aa0f-73f5-4a2d-b178-abfa3c418fb5,35,43600.49,752,0.203,8,13103.23,education,own,43600.49,approved
568ca34a-56e3-45c2-beac-199ca91b37ea,50,84264.49,616,0.128,4,10462.07,debt_consolidation,other,84264.49,denied
b6e9568e-fe1d-452a-b362-87f6dce529b6,43,31554.94,524,0.293,3,6859.72,debt_consolidation,other,31554.94,approved
91ddfa4a-ed4b-4eb7-b7e4-3c4af55ebb65,42,24098.07,716,0.048,3,9551.49,education,own,24098.07,denied
c7858c05-3248-46b5-bafe-fbe052315479,71,50072.34,604,0.064,3,47038.88,business,own,50072.34,approved
7bcbd83b-1bd3-493e-83da-33ae80458b61,63,53674.63,742,0.085,0,15006.74,personal,other,53674.63,denied
b373ad1b-f194-46a3-b8f5-7296ca4f93c5,56,9528.84,659,0.156,2,11398.22,debt_consolidation,own,9528.84,denied
105e4b76-a0f7-454f-9ba2-a60edd09e0ab,68,19588.0,432,0.1,6,18294.78,business,mortgage,19588.0,approved
3ad192a0-1f27-4008-bde6-613895dfbcb0,56,57232.44,571,0.234,3,62623.06,debt_consolidation,rent,57232.44,approved
fa66793b-69bc-463c-8305-9c7bc803da37,34,66256.17,654,0.367,3,16095.49,business,own,66256.17,denied
4390fb2e-c2fc-4a9c-8e01-e25336901145,34,31086.32,612,0.118,9,15081.66,home_improvement,rent,31086.32,approved
4a56e95f-3fa4-4000-992f-fa2f9fb10a2a,54,10732.44,714,0.302,7,10725.62,business,mortgage,10732.44,approved
826cf4cf-49bd-4003-a20b-b992282ccfd5,65,17865.78,466,0.38,4,28702.8,debt_consolidation,other,17865.78,approved
d0dd1d90-9912-46d1-aa1e-23519d74b68b,27,40016.89,759,0.011,5,19478.8,debt_consolidation,mortgage,40016.89,denied
fc08703f-6f30-4cf5-83eb-d82b05b29fc1,57,83990.15,774,0.282,6,5973.37,personal,own,83990.15,approved
7b711908-4acc-4f1f-bd1f-4827cf250c8f,25,8339.9,644,0.174,5,12059.14,debt_consolidation,mortgage,8339.9,approved
1f04c9d6-c3dc-4ba5-b4f5-6489292e2e46,66,42817.24,529,0.129,6,3070.07,education,other,42817.24,approved
4717f06b-84be-46d9-8074-72a9d3f20e28,68,55818.09,850,0.223,1,21023.95,education,other,55818.09,approved
6af489d0-7dc0-495f-bd8f-6bca22c2144f,56,19920.91,633,0.198,8,18623.97,home_improvement,other,19920.91,approved
0fbc3446-6f0b-4299-9eb8-46cba9fb8b7f,26,25083.34,716,0.155,5,7419.79,business,rent,25083.34,approved
22252d08-acd7-4962-97f3-c9851c8f4e9e,26,49039.52,526,0.099,2,20469.2,education,other,49039.52,approved
5486c25c-8318-41ce-8e7c-a00e0a999198,20,19136.55,623,0.217,10,40252.89,education,own,19136.55,approved
1f4b8153-963e-4f4a-b0b6-abbd3066fa75,70,75299.44,565,0.133,7,28190.34,auto,own,75299.44,approved
3e96f3db-74d2-4271-9176-1fe2800142b3,33,10586.6,572,0.226,5,14481.58,education,own,10586.6,approved
1ba4fd6a-5fd4-4838-816f-e3a7c7e8e16f,25,70927.0,850,0.132,7,12184.41,business,own,70927.0,approved
ae780531-25fc-4062-b532-2da36855af84,34,28505.62,648,0.245,9,29028.39,debt_consolidation,mortgage,28505.62,approved
5a0598a9-fbab-48e4-ba2c-42261d8d6a23,35,16102.54,477,0.281,3,5705.75,personal,mortgage,16102.54,denied
c21931cc-153c-4cbe-b983-6322446c0add,59,8332.92,584,0.232,9,13208.08,auto,mortgage,8332.92,approved
0486550a-93c6-4cc8-bb7f-b7afabfc5489,19,41340.07,504,0.152,7,10182.73,personal,mortgage,41340.07,approved
837154ff-e585-4077-bb51-52adb7cc25e0,36,21474.67,724,0.276,4,18690.46,home_improvement,own,21474.67,approved
e855b65c-fb4e-4cd7-a69c-ffdf0dfd119e,45,20516.86,761,0.03,2,22092.97,auto,rent,20516.86,approved
ebed288f-86f5-426a-81bf-b055325d7f5b,19,28278.02,535,0.152,2,56451.89,business,rent,28278.02,approved
3a969707-cbe5-4339-a4d8-328c2a9a7325,38,32416.09,592,0.121,6,5646.65,debt_consolidation,mortgage,32416.09,approved
0a0369a0-2fb8-457b-94ef-56a318f2aa3b,66,25962.77,565,0.226,5,11796.53,education,other,25962.77,approved
ffcd3709-2b11-43e4-83be-f0cb7c17f260,41,23311.46,708,0.227,5,74231.9,personal,other,23311.46,approved
5abff362-85b3-423d-8244-571966256a3d,63,46262.44,694,0.062,6,20028.79,business,own,46262.44,approved
d7ddb66d-6aa0-47a4-9d27-4392b75a15d0,55,52018.82,512,0.099,5,4066.07,debt_consolidation,own,52018.82,approved
f9597ea5-5ecc-447f-ba14-b82f76226ce1,24,9544.24,568,0.228,6,67377.89,education,other,9544.24,approved
fe1442ed-e8c9-4fac-b88d-5656607fa26e,22,141171.16,778,0.251,3,1949.7,auto,mortgage,141171.16,approved
d062d3eb-3c0b-429c-bb38-c39218877e6e,20,60020.16,717,0.039,6,18632.47,personal,rent,60020.16,approved
6377a5f0-39be-42f2-8cc8-15d7191eda81,26,19366.5,568,0.159,2,19546.6,auto,other,19366.5,approved
d40833da-45df-45df-b5a2-ac0678d73d8c,18,20720.9,789,0.135,0,15146.2,home_improvement,other,20720.9,approved
713e120c-bfbf-411b-bacc-b91772886f66,73,42459.1,530,0.243,4,3126.18,business,rent,42459.1,approved
07dba6d8-5b63-40da-8408-f454833e67e8,44,52885.42,675,0.115,7,17487.31,debt_consolidation,other,52885.42,approved
d480eda3-ba27-4ade-ab32-7d016c748ac2,55,68902.89,617,0.171,10,3147.51,auto,mortgage,68902.89,denied
46e384ef-d248-4a74-aadb-b6fb1eb892e5,34,29959.7,581,0.172,6,4032.1,business,other,29959.7,approved
2dd4f185-53c0-423a-afb5-0d4713db7b9e,26,22558.82,651,0.221,5,5691.07,home_improvement,rent,22558.82,denied
de642a4e-2a3e-46fe-a2d7-017e6bf4bdee,32,37608.68,734,0.183,4,5859.89,personal,own,37608.68,approved
b0e34486-fa48-4c25-bb77-9588fba277d4,68,25661.19,738,0.107,6,6354.53,home_improvement,own,25661.19,denied
e4ba6987-8137-428e-91ae-27ed2bcf4d85,58,57012.34,560,0.107,5,12732.38,auto,rent,57012.34,approved
480e5161-b00c-4f2c-988d-b66f0ab74732,18,14252.01,586,0.093,8,5201.56,education,rent,14252.01,approved
f50f0cae-360e-4c0b-bbc9-adc833373d23,78,14473.58,729,0.175,4,24453.6,education,other,14473.58,approved
bbbf1a18-3fbe-4880-9144-f6603e9668fe,65,31091.14,849,0.167,4,5505.54,auto,rent,31091.14,denied
9d836d4e-3f9d-4b63-a204-27463e48bddc,75,9189.56,766,0.061,0,11436.52,education,rent,9189.56,denied
df51cbfb-77b9-43f8-90fc-1bc02c04f1ee,79,27517.49,633,0.263,7,2429.23,personal,rent,27517.49,approved
cbfb6963-ff71-4af9-981f-a4d8e62d3867,79,18832.49,629,0.219,3,18216.42,personal,other,18832.49,approved
45288123-9b90-435e-a1c9-530d90179bc8,42,20357.3,679,0.258,3,1762.67,education,other,20357.3,approved
a07c49d7-2b13-49bb-8772-9bd5bb579ca6,35,17392.16,423,0.204,6,5343.86,personal,mortgage,17392.16,approved
0658d2f7-3be6-4779-ae80-be06802284e3,43,63654.95,651,0.056,7,12234.26,personal,other,63654.95,denied
c463c490-713a-454e-a921-7e01e34353d5,53,61742.32,516,0.269,5,30462.12,personal,rent,61742.32,approved
f5cf2b77-e9b6-42e8-8127-1331c809e17a,76,58471.09,657,0.4,8,1100.55,debt_consolidation,other,58471.09,approved
a0bcc111-8ec9-4c97-b972-f226f5ff2391,51,40090.86,641,0.129,5,6025.58,debt_consolidation,other,40090.86,approved
222f8c70-33db-43a3-a3b8-ff458c3927bb,62,7147.18,768,0.281,4,19958.95,business,rent,7147.18,denied
50840a77-7e67-4f75-a9f2-95d6fcd016bf,31,39315.58,695,0.146,9,22643.43,auto,other,39315.58,denied
39956a12-316d-4787-9387-117901843c51,61,125061.17,690,0.381,4,12490.14,auto,rent,125061.17,denied
b1bf06be-c519-459d-a85c-f8359064c4c6,48,20586.16,686,0.069,5,25062.42,education,other,20586.16,approved
c9283dd3-fc57-4695-ba84-1f22ed295c9b,26,24546.33,809,0.136,3,28308.35,auto,mortgage,24546.33,approved
1f34cad6-9707-48d9-a5ea-2390690dc1af,29,78110.69,595,0.104,5,1350.5,home_improvement,rent,78110.69,approved
1b75b92d-691d-4c2c-a3e0-29a85dd25116,42,9683.12,850,0.106,7,787.54,education,rent,9683.12,approved
964c7286-f9b4-40a1-ba48-0771f46870e1,58,34229.2,462,0.322,5,13646.77,auto,mortgage,34229.2,denied
0d8c2e0a-b115-4c8a-8226-8eeb136b15d4,77,30124.83,712,0.135,3,21812.37,debt_consolidation,own,30124.83,approved
df775f7b-b98e-42fe-8a26-488d29847272,72,51601.26,583,0.182,3,8055.96,education,own,51601.26,approved
9037357b-7c5d-47a6-b0d4-493cfb944bd9,28,9753.71,705,0.06,1,9937.51,education,rent,9753.71,approved
a7bfe056-fdb7-4352-903c-83945ebdd4cb,64,34559.26,588,0.253,1,15796.14,auto,rent,34559.26,approved
18137c60-7a39-4242-8f4b-0c102be7a4a3,18,24522.12,779,0.306,6,6038.66,personal,rent,24522.12,approved
d46617a8-7f99-4555-8023-acc8c9bb1fd9,49,67915.19,669,0.035,4,26793.04,personal,own,67915.19,approved
9c2db46c-cb25-428c-8527-0cc68767a03a,54,18166.68,652,0.245,4,11513.69,personal,other,18166.68,approved
2a012a8d-d3d2-4147-b88d-d96a1873c407,78,54306.59,596,0.164,3,13678.06,personal,rent,54306.59,approved
e8c18ee4-eed8-4d23-8f77-326839b761dd,28,16143.13,617,0.031,3,14937.02,home_improvement,rent,16143.13,approved
a85cef38-8782-4ec5-bf89-be6940043215,62,72519.82,753,0.133,5,15561.52,education,own,72519.82,approved
92195d7b-d4d3-4cb8-8454-8c5d0d3fc4c8,30,140347.56,406,0.23,6,6806.79,auto,other,140347.56,approved
2d13997f-53de-4f4f-9456-01dc8d0a93ed,79,95592.29,850,0.193,5,18483.67,personal,rent,95592.29,approved
0fe6b986-1b3c-4d7f-a0d4-a3c372ee8b2e,56,227528.86,500,0.02,2,38074.85,auto,other,227528.86,approved
152ca9aa-f375-4d8a-83ce-6d4154bac409,75,18745.41,691,0.142,7,10776.23,personal,own,18745.41,approved
aca8a724-3185-45b9-b72f-70b64936d591,65,103807.58,698,0.374,7,17275.3,personal,own,103807.58,approved
5d852cbe-0edf-4e54-8858-25d19dc4afc7,31,26364.86,661,0.126,5,51864.18,home_improvement,rent,26364.86,denied
cccd0566-4e13-4f40-a2a5-52d449c9dc0a,48,59447.74,652,0.215,8,26163.84,personal,rent,59447.74,approved
181af119-3654-4cc6-9b32-5de37e927489,66,57075.1,540,0.261,8,16366.07,business,own,57075.1,approved
34e2b80f-8305-429b-bfab-4f8a6bf79b2d,29,19378.54,729,0.17,7,36947.87,education,mortgage,19378.54,approved
9bdb570b-7afc-44fb-a5d6-718e004ca856,50,51278.09,733,0.07,4,23445.93,debt_consolidation,own,51278.09,approved
6174dd02-19db-4cbe-a6b4-e92fdc5002b4,43,25099.93,766,0.12,3,5296.23,personal,mortgage,25099.93,approved
4579b284-8b4b-46f8-b514-c704ef67915b,72,11665.38,539,0.085,7,40273.44,education,rent,11665.38,approved
7f7414fb-aa09-4de9-a437-2dbda8df41fd,26,62169.64,659,0.041,5,8473.35,auto,other,62169.64,denied
ce0bf644-a703-43a7-8ff2-b0c33f8f53d1,20,62011.63,562,0.104,11,9149.57,debt_consolidation,rent,62011.63,denied
dcd4123a-e94e-408d-9458-421b84907db7,30,40219.62,669,0.249,9,63913.63,auto,rent,40219.62,approved
6d805235-bb26-4b40-95ca-0f1812d27122,40,70372.04,663,0.082,4,15284.08,personal,rent,70372.04,approved
af3f2048-6ea6-4847-a8d6-c95a5eb9a5fe,29,70517.44,745,0.294,7,14580.97,auto,mortgage,70517.44,approved
1ff702b2-8cc2-4ffb-a771-8d2cdc837b21,63,61364.39,652,0.026,5,18497.23,auto,own,61364.39,approved
e63ef7bf-31f6-4699-b252-3964cb406d46,45,16663.03,615,0.196,7,19191.16,education,other,16663.03,approved
36e6f1f2-dac1-4c7a-b424-efc779e0da47,47,85383.36,663,0.168,4,13725.06,education,other,85383.36,denied
d52addd5-9d41-4819-999f-f56689498bcf,46,44892.15,818,0.126,7,19604.72,home_improvement,mortgage,44892.15,approved
fbdb2223-cec5-4dbc-a26f-4e9762b25aaf,73,23928.88,642,0.21,6,15001.28,auto,rent,23928.88,denied
8c827b09-bd9c-4316-aa98-61fc06bd2851,24,20938.87,505,0.215,4,8622.01,education,mortgage,20938.87,approved
257b50c3-259b-4b58-a966-1c5d5cef755b,62,5000.92,765,0.092,3,78225.2,personal,other,5000.92,denied
dfca308e-34f2-4012-8c96-86e47ef18d1b,40,21978.62,615,0.224,1,4080.88,business,own,21978.62,approved
9492eefc-2103-433b-97c8-9128fb52f4f4,50,27912.92,592,0.173,6,21782.67,business,own,27912.92,approved
ea572c94-a3b4-40d0-b06f-c4b7292e9abe,55,155576.05,686,0.098,6,4806.49,debt_consolidation,mortgage,155576.05,approved
0e642ae1-51aa-430b-b7c7-59112a3f45eb,54,61187.29,470,0.047,1,10030.69,education,other,61187.29,denied
f51bf699-6f7c-4afd-a748-0b6b7cefd0cf,49,29787.2,521,0.249,3,8673.69,home_improvement,mortgage,29787.2,approved
9e52eee9-41e2-4b83-a23c-202e60465e5e,43,14246.2,748,0.2,5,20921.28,business,mortgage,14246.2,approved
1a95d1e5-91eb-4db4-87b1-d0eeaf09f6a0,78,35110.74,673,0.074,3,27360.68,debt_consolidation,other,35110.74,approved
9cbc086b-ce94-4436-bdaa-0fc899263d1f,55,23889.98,602,0.22,5,20811.76,personal,other,23889.98,approved
4b948929-958b-4541-8cf4-4e13e147fde5,20,23779.17,699,0.171,4,2246.14,personal,rent,23779.17,approved
acf81f84-4ed7-4d8b-afd7-cd81f71fb78d,66,27400.93,712,0.198,9,23139.16,education,own,27400.93,approved
fa11ee64-e6dd-46e0-b937-fea3d2da93bd,46,68675.72,631,0.061,5,42576.43,debt_consolidation,rent,68675.72,approved
1042cb1c-0eef-4dcc-a01c-b291c3f88ee7,71,29127.63,561,0.182,7,24668.57,personal,mortgage,29127.63,denied
52c6e84d-f67a-476e-83b6-7faad4a7d68a,73,43949.13,586,0.198,6,7128.92,personal,other,43949.13,approved
17e8cd7c-4d3e-4c3f-ba5b-5de5a9a5908f,68,15668.08,769,0.079,4,14601.85,education,own,15668.08,approved
e0455ab1-1439-41f1-94c9-d1db00f45754,44,26837.87,830,0.223,2,13703.51,personal,mortgage,26837.87,approved
83b97451-2976-46d0-9cc3-f498de2933ec,23,38291.05,699,0.17,1,4785.44,personal,other,38291.05,approved
c707148a-8a3d-4f97-8d93-07d99c3f7602,75,25206.13,613,0.12,11,9494.57,auto,other,25206.13,approved
518c5e74-1d7c-4492-a57c-97c511e27a12,69,53496.3,685,0.179,6,4584.06,home_improvement,own,53496.3,approved
9fa63b02-f0ab-4a33-b627-b739621e8634,70,21319.7,687,0.023,7,10467.77,business,mortgage,21319.7,approved
384b86e7-4129-414b-adec-3a65cbdf21a8,51,25536.18,702,0.191,5,5848.95,education,own,25536.18,approved
51fc1bba-4ecb-47cb-8e4c-c82e2a3b627f,66,23239.51,684,0.302,5,24046.58,personal,mortgage,23239.51,approved
d0edd5ed-3170-4664-8467-dc6ff0682c25,66,129275.27,417,0.12,6,10290.88,debt_consolidation,mortgage,129275.27,approved
16e4567f-768f-4d39-8c55-71d64beb4819,38,22707.09,533,0.146,1,18554.09,home_improvement,rent,22707.09,approved
4ab39f3b-b628-44ac-a671-a4d5a666cea7,71,21223.74,764,0.087,5,14755.05,home_improvement,mortgage,21223.74,approved
cb4f997f-c2fd-4897-ae62-95f389d606a5,27,20908.53,787,0.231,5,18005.22,debt_consolidation,own,20908.53,approved
4c6cd53c-11ba-426b-a35e-3fd51697dc23,69,37981.04,627,0.074,6,15568.9,education,mortgage,37981.04,approved
f1172581-1ff6-42d4-a9e9-47b1ecbdaf32,22,96527.98,533,0.174,4,11126.86,auto,other,96527.98,approved
4be061d5-b222-44e6-9cfa-e6eb5d589c34,79,31630.57,706,0.162,3,41760.33,personal,other,31630.57,approved
1831c6d8-1308-4dfa-899f-cc6bb60ee8b7,65,45153.72,547,0.142,9,36422.15,auto,other,45153.72,approved
0b9c5744-a284-43f3-bb8e-080dbe0a1adf,71,38347.96,581,0.27,4,9013.67,home_improvement,other,38347.96,approved
52bf697a-b90e-437c-a067-893330024e19,40,22212.74,630,0.374,5,5865.7,auto,mortgage,22212.74,approved
a812fbe4-00d3-43a3-9895-316ccfe0b42c,21,31645.89,647,0.188,5,20191.4,business,rent,31645.89,approved
748106c4-84d6-4e48-8684-1b57794997f8,31,111528.69,643,0.082,4,42887.55,personal,other,111528.69,approved
97b3cc02-3597-4dea-981c-4fa9666d952d,34,68287.04,561,0.345,4,4945.34,home_improvement,rent,68287.04,approved
317dcf90-62aa-47f0-a0d1-a64eaffb6578,62,22426.87,663,0.121,7,3008.96,auto,rent,22426.87,approved
372a2b3c-79c0-44dd-89b2-c0618d124fe9,71,74043.71,663,0.334,6,11156.64,business,mortgage,74043.71,approved
1862cbe6-63a6-4d5e-b6cf-e751c00d6c8b,77,19086.37,599,0.06,5,13138.53,auto,mortgage,19086.37,approved
56bafb8d-2630-4e38-97fd-4455d5b7f6fe,53,10714.81,653,0.199,5,7820.08,personal,mortgage,10714.81,approved
95c20452-e4f0-4384-b595-b691da33d97f,68,57308.13,641,0.259,8,7510.13,auto,other,57308.13,approved
94c1ab00-da94-4fd3-b1aa-5347744826a0,57,19018.28,744,0.303,4,18879.55,auto,rent,19018.28,approved
70b57bf4-6f2e-4ce9-a603-7918318f3a3c,31,38664.05,656,0.133,3,15856.83,education,rent,38664.05,approved
7f6b662d-1e63-46da-97ef-b621df39eb2d,34,53515.34,727,0.147,8,5632.87,education,mortgage,53515.34,approved
6a5e1b18-69fb-410b-aece-7702504d8983,43,139339.44,637,0.01,4,8558.19,home_improvement,other,139339.44,denied
d3d5ffd7-bd89-4a16-b7a5-7564525d3633,50,20189.76,824,0.316,5,50456.92,auto,mortgage,20189.76,approved
122f9a41-a316-4dda-a09e-175c14c4b716,31,36832.34,665,0.081,5,2728.67,business,other,36832.34,approved
6fd20771-0f43-414c-bcb0-ab5320582563,58,33147.46,498,0.134,4,20222.99,home_improvement,rent,33147.46,approved
598415c0-970d-4367-98ff-93e48f2255d0,58,154037.92,665,0.246,7,2266.35,personal,other,154037.92,approved
d4be55da-8433-427e-950d-677a297e0959,74,16030.93,611,0.039,7,3103.76,home_improvement,other,16030.93,denied
0f2582b3-c6e3-4385-9681-532f7b2c8a9f,77,12495.17,721,0.094,2,27229.23,home_improvement,mortgage,12495.17,approved
59de3a7b-faea-487e-9b9d-82bf848da6a5,32,23740.01,619,0.162,9,2216.79,business,other,23740.01,approved
22a0b7bc-2245-44ba-aab5-8d5571137b03,69,26150.12,609,0.101,5,13282.22,home_improvement,mortgage,26150.12,approved
1a5b0e7b-ca08-48fc-9e79-5e046f73d985,45,16505.83,619,0.079,5,28142.07,home_improvement,mortgage,16505.83,approved
cad6d0a4-310b-4ffa-8e29-7c6a63f02229,45,200557.29,693,0.142,6,7254.09,home_improvement,other,200557.29,approved
62e91caf-2615-4e68-a986-507a84814373,77,36460.33,730,0.145,7,30998.23,business,other,36460.33,approved
d8044219-b19c-433f-a20c-99abe29befef,26,35127.93,671,0.215,3,16067.56,education,rent,35127.93,approved
1642250f-c184-47a0-8659-e9703b9b85e5,31,20185.55,605,0.173,4,7706.38,auto,rent,20185.55,approved
16008c7e-aa2d-420d-9ec0-bfb597456b52,54,30132.84,552,0.147,6,31414.78,auto,own,30132.84,approved
a609b4e7-9c24-4dc0-ba72-d7b9b0c3b9fe,52,14761.83,641,0.151,2,20594.08,home_improvement,rent,14761.83,approved
73e2df5d-e009-47cb-9a4e-68364d6cbb35,75,110448.43,635,0.266,4,9473.86,education,other,110448.43,approved
3ea7b51e-4e52-4188-903a-6ad761ff0a00,50,14606.52,599,0.158,6,2873.41,personal,rent,14606.52,approved
3b96f6dd-b25c-440b-9946-ecc4e74da1fe,68,111138.68,585,0.22,5,16059.32,personal,other,111138.68,approved
c142b9ba-6257-42b9-88c6-e951d49eba6f,38,39593.91,654,0.093,4,13203.54,business,own,39593.91,approved
80b4d924-66fc-4909-8e53-a1bb2d96b8f8,28,21970.73,820,0.273,2,10705.24,auto,own,21970.73,approved
260ad20e-f99b-4813-b0d7-372e53d48559,66,22692.63,659,0.391,5,4479.27,personal,mortgage,22692.63,approved
a1a77d85-9766-4562-a4f8-a8fc967235a7,38,32457.13,702,0.158,9,80429.56,personal,rent,32457.13,approved
b7227d9d-4a93-4827-938e-01b6ffe15e23,36,5387.42,694,0.183,3,16921.05,home_improvement,own,5387.42,approved
fbcd92d2-4f74-45da-8ea5-8c0b4a49e0b2,69,12088.45,556,0.069,5,9593.91,auto,rent,12088.45,approved
56bd2e78-4dc3-49f6-becc-590859128abc,21,37761.85,607,0.163,8,28956.24,auto,other,37761.85,approved
0748b163-9d1e-4fd2-b23a-ab23a3ba84f3,50,111434.65,457,0.319,3,34336.14,education,mortgage,111434.65,denied
062aa0e8-c83a-450c-9b02-848f0f943a44,61,39822.49,847,0.384,6,25988.95,personal,rent,39822.49,approved
98615406-8be1-4aae-a689-eec4726f3104,37,49694.85,850,0.106,5,11169.07,debt_consolidation,rent,49694.85,approved
12e80a7c-0d28-4446-8e4d-99061b8cd890,51,18296.95,666,0.348,5,9427.33,home_improvement,other,18296.95,denied
67d8c976-5021-4e67-9677-c0f2dd57036d,61,20150.52,636,0.329,5,13112.02,education,own,20150.52,denied
c258bf98-0818-4d7d-a1ff-b6927fc025ff,40,56366.87,661,0.169,7,29275.49,business,mortgage,56366.87,approved
4703b14d-37c9-4284-88be-f2a4f96c80e7,32,50364.57,562,0.384,4,9995.77,business,own,50364.57,denied
3a880c3f-065f-4439-9edc-a87d160f34bc,38,137107.57,638,0.254,6,7282.39,auto,rent,137107.57,approved
9adc51ed-6ba1-4ff8-8818-1662b1cfede8,62,26585.3,740,0.05,9,67323.02,business,rent,26585.3,approved
ce10e67d-61c7-4b21-a750-089d6ce0d78e,34,139203.48,685,0.049,6,18946.46,education,rent,139203.48,approved
65e7d2f4-8396-4588-a366-caaf6a7810de,54,17013.05,760,0.025,5,13266.69,home_improvement,own,17013.05,denied
722418b6-33b2-4080-a061-a28d7044c947,36,16548.99,583,0.032,3,21467.45,auto,own,16548.99,approved
b410d0b8-ae69-4234-ab95-a87b01fd749f,32,91305.66,679,0.431,4,4117.9,personal,other,91305.66,denied
93ebaa84-3ca0-498d-851f-365cb3ab6c7a,64,212628.6,510,0.101,5,13737.18,education,own,212628.6,approved
65635bf1-1d3a-4071-b943-fc28d91bf60f,20,76809.63,751,0.227,5,7900.65,personal,rent,76809.63,approved
cc2635ec-8e90-42cc-b76c-08f4bd25ba26,73,31693.42,779,0.416,3,18060.96,debt_consolidation,rent,31693.42,approved
7a79031a-0a31-4718-a0b5-05f6be244d95,61,17513.56,774,0.075,4,60694.56,business,rent,17513.56,approved
79fb9f1d-ce31-4355-a36d-2e64eeec701d,64,55430.92,722,0.12,6,23107.74,education,rent,55430.92,approved
8aac8d10-5b4b-4897-9bd4-7a789f979954,73,17026.75,524,0.061,6,12159.5,education,mortgage,17026.75,approved
56400647-1a79-4196-8742-e93bc1afc7b4,35,12183.07,850,0.177,1,7789.67,auto,own,12183.07,approved
800e53b0-97c4-4ec0-97ac-f3110cdde070,49,64183.55,646,0.414,9,7816.54,auto,own,64183.55,approved
93af94c1-cc01-495e-84a7-ab85703ac908,20,21337.66,716,0.295,6,65200.3,personal,rent,21337.66,approved
77ca2cb4-0798-4cde-aea5-d0cd39382380,73,26605.3,510,0.117,6,24669.5,education,other,26605.3,approved
27c64891-b26b-45d7-8de7-c1c4f7215638,75,42112.31,846,0.087,7,25667.41,home_improvement,rent,42112.31,approved
89c0331b-28ab-445f-b180-046a81d68d14,53,17309.35,599,0.141,3,30743.54,personal,own,17309.35,approved
042c3ce8-4861-48b8-b2a9-c737f63560b6,44,17097.44,661,0.009,1,10832.49,business,rent,17097.44,approved
3a466f0d-88b7-46be-9a4a-0be0f35eb5a6,71,33405.48,766,0.285,8,12754.36,business,other,33405.48,approved
33543abb-f0a6-475e-abe5-9c9bf5d68d0a,75,34143.69,632,0.112,4,2267.75,education,other,34143.69,approved
447af094-4078-4d6e-80af-4569fe76c2bc,30,20055.07,553,0.152,6,6711.3,auto,other,20055.07,approved
4042b184-7b69-4fd3-a10b-bd41752c11b4,18,10634.31,428,0.312,4,26442.15,debt_consolidation,rent,10634.31,denied
00f713f0-7a3c-48a8-8971-3abe3ec1276c,26,11246.32,797,0.092,0,16693.43,auto,other,11246.32,approved
4fb0afcb-6138-469a-add2-09b68181fe04,53,23817.19,650,0.089,8,6657.53,education,mortgage,23817.19,approved
b2aaccba-9736-43ad-b77d-53196ccb239c,54,34413.38,606,0.121,5,7217.58,home_improvement,other,34413.38,approved
bf551b3b-0944-4c8b-9278-0aa58b15df20,30,73950.86,609,0.124,2,4777.14,home_improvement,other,73950.86,approved
ecc7b064-8468-49f6-829c-ad88575fcb67,22,14591.52,710,0.097,5,38281.03,auto,own,14591.52,approved
70889b10-1467-4ede-b75e-24217cc38313,79,83108.61,629,0.119,3,5936.76,education,mortgage,83108.61,denied
0c0d10f0-68ad-4f40-9ff2-20a84d2a5a90,58,22063.91,636,0.339,3,10569.57,debt_consolidation,rent,22063.91,approved
a2aa6315-bbe4-4112-bd11-989b389295c7,29,83488.03,716,0.099,8,10939.74,personal,rent,83488.03,approved
5f574693-eb41-4403-8bd8-9f4ee1c48af3,54,14246.27,492,0.116,3,9988.11,auto,own,14246.27,denied
e35bb84b-0885-483c-9869-86e0e5f216f3,36,54374.2,709,0.287,6,13053.9,home_improvement,mortgage,54374.2,approved
50f1ec54-ffab-46cf-98e1-2d35ca8c3788,59,55822.62,635,0.204,1,27478.17,personal,other,55822.62,approved
5022a6c9-f730-4b56-995e-1eb6c90fe127,39,30844.11,797,0.048,4,9376.19,business,other,30844.11,approved
6436baf9-52d1-4d49-981f-c5e416e763bd,30,36512.48,645,0.246,5,10331.88,personal,mortgage,36512.48,approved
76672013-d3ea-4a7a-a1c3-239cd9f31c47,70,154073.55,657,0.118,5,12633.91,debt_consolidation,other,154073.55,approved
8c6271b8-c2fd-49df-b81e-f410d1e5903c,24,15965.26,703,0.047,4,10372.69,business,mortgage,15965.26,approved
eabce8e3-5aea-4049-9283-37952fb8c94f,20,25983.43,737,0.09,8,33684.57,business,rent,25983.43,denied
623ce85b-4b34-487e-b96a-9c636ea3f918,67,95575.34,647,0.105,8,6620.37,education,rent,95575.34,approved
fc0fdbd1-2f49-42f5-a523-2c0a02bae843,37,32186.86,476,0.082,3,6488.72,personal,own,32186.86,denied
9f8536a8-84de-41ad-89c0-5f49e99511f2,37,31441.46,656,0.251,2,13378.92,education,other,31441.46,approved
a4e1bd24-4446-4712-af5f-74b3282124c8,18,31730.09,698,0.151,4,11124.87,education,own,31730.09,approved
f493998a-a533-4f0d-a24b-8fcb426b25ec,25,37459.28,626,0.232,9,13505.59,business,rent,37459.28,approved
7efe029b-1a5b-4420-951c-e7d21d46cc06,22,64514.55,558,0.172,5,78795.69,auto,other,64514.55,denied
485d1be4-011e-401e-8380-043947ca2804,24,37803.08,645,0.281,6,5526.96,debt_consolidation,other,37803.08,approved
6a8804b8-e64b-47f7-a36e-76cf601fcb5e,75,10874.85,662,0.298,7,23787.03,auto,other,10874.85,approved
2ed08490-5741-4ed6-88a2-b70eb2390ab1,31,45419.09,728,0.329,9,18033.4,personal,other,45419.09,approved
38111a33-d6d3-4825-ae70-9bc96173be01,55,31968.31,812,0.153,3,79956.85,business,own,31968.31,approved
cccf518e-9bcb-4a82-a82b-183f63c25019,64,46634.08,755,0.203,7,13865.14,business,rent,46634.08,approved
888fb829-e499-4c3b-94fb-82c129dc0772,73,32673.93,565,0.045,8,8486.84,auto,rent,32673.93,approved
660df4b7-db4b-4c5e-b9b6-8b4bc06bd20f,67,44714.99,603,0.191,9,11315.54,home_improvement,mortgage,44714.99,approved
864d2a55-5017-4371-a17e-6d466db82f8d,46,91575.71,695,0.068,7,5542.72,education,other,91575.71,approved
6ae4ba61-d7f3-4d12-a8ab-c1065cc05a8b,34,31305.13,704,0.128,2,16993.72,personal,rent,31305.13,approved
8a7159af-dc29-41de-8085-5c4762d116b1,66,62150.43,656,0.131,2,7389.24,debt_consolidation,mortgage,62150.43,approved
53834290-d27f-4651-8cee-c09080686c74,63,32136.46,786,0.105,5,4208.49,auto,other,32136.46,approved
16a32e98-947c-4051-9937-071c4ed69b5f,39,49582.71,685,0.268,4,9946.28,education,own,49582.71,approved
4424b413-66d4-4f80-83f3-c26abbf6a991,31,37213.94,635,0.036,6,10859.68,education,own,37213.94,approved
241682b9-cad2-44f6-8e57-8e6e6b95c8ba,37,204130.03,577,0.128,3,8925.76,home_improvement,other,204130.03,approved
eeef13cf-1caf-4698-b017-b09f62e96d8d,23,77327.27,787,0.189,3,12957.38,business,own,77327.27,approved
48cbd848-889b-4220-aa64-a17341ec0743,73,17263.24,631,0.155,7,11458.16,business,own,17263.24,approved
65ef1492-16c1-471e-b934-058fe952447b,33,17322.39,631,0.294,3,30909.17,debt_consolidation,rent,17322.39,approved
64b3a199-57b3-4b30-8806-01bcd5100998,26,32627.44,391,0.044,6,18721.96,business,other,32627.44,approved
fda29141-2530-4680-a233-633762c0daff,48,14730.12,618,0.184,7,11083.05,debt_consolidation,other,14730.12,denied
1225f5ef-29be-41ce-8312-89258c934cff,56,80069.33,633,0.284,7,26643.59,auto,rent,80069.33,approved
c45cd1cb-f884-46da-96a7-44302d132719,25,37198.86,613,0.203,9,4158.85,business,mortgage,37198.86,approved
450b9d25-c378-4974-abc1-d1bc693e864d,23,42812.9,540,0.172,6,19721.37,auto,mortgage,42812.9,approved
54417657-7cc4-499f-99a5-4fc09dcb9b40,33,49260.73,666,0.016,5,32384.0,business,other,49260.73,approved
db3ea21c-ce90-4ca6-98ef-e9a476403233,75,48549.98,649,0.218,5,20124.69,business,rent,48549.98,approved
75b15621-d74f-4ab6-9b65-8627b884e69b,45,26172.81,585,0.193,2,5838.94,personal,rent,26172.81,approved
086de006-1b1a-429e-be24-78596809c4fa,65,129826.86,660,0.242,4,12113.2,home_improvement,own,129826.86,approved
821f98f7-4c75-4d1a-9792-356ccd879737,18,35037.37,491,0.156,5,5502.44,personal,own,35037.37,approved
bf7515ec-f2d1-4225-9fe5-3b859b64fff7,33,41870.95,729,0.066,3,9513.66,home_improvement,other,41870.95,approved
5cea60fd-c3fa-4664-a647-d15e9029c660,55,50867.09,581,0.1,5,13947.29,business,mortgage,50867.09,approved
a2df029d-c1cd-4258-9e97-f10750a9ab56,60,50143.11,517,0.129,5,22153.99,business,other,50143.11,denied
8a636e39-b40d-40e3-bd68-4b3812d79dcd,49,35847.57,485,0.092,6,51099.93,home_improvement,mortgage,35847.57,approved
fdb09e6f-3ea5-49ff-8ba2-6c58a3698db8,77,16085.32,823,0.246,5,22319.89,debt_consolidation,mortgage,16085.32,approved
a9f6b016-a3be-40dd-ba6f-7f741c936569,55,117379.57,636,0.148,10,16561.14,debt_consolidation,other,117379.57,denied
2ed2c4ad-9ccc-44c8-8dd6-faa471dda472,23,29517.91,574,0.281,7,13249.54,auto,rent,29517.91,approved
d43f9623-7fd2-4170-a3dc-c88c615c10c4,31,139209.29,669,0.408,8,7143.1,home_improvement,other,139209.29,approved
27aa7e65-300d-4e9c-b287-6b587a6539b5,59,32471.26,664,0.188,6,24313.6,business,rent,32471.26,approved
b485396e-cdcb-4c5c-bde9-9061549b119e,41,56014.89,685,0.1,5,9903.27,education,mortgage,56014.89,denied
f49bb061-2362-4893-8ce1-efbc2777655a,55,51163.81,671,0.14,6,18468.0,auto,other,51163.81,denied
bc148f9b-dff2-4819-85f5-ed462c29d9f7,55,25186.38,558,0.36,4,8285.06,education,own,25186.38,approved
97c466d5-44fa-4429-ac07-f7e5442c844b,50,42040.99,633,0.103,10,19323.76,personal,other,42040.99,approved
15f2bb37-f4ab-4bd2-b6c1-6f4164c4b750,24,30316.34,850,0.165,5,5861.12,home_improvement,other,30316.34,approved
1574840e-ff2c-43ce-aa18-30160e6eeb8e,25,24911.65,593,0.115,8,25334.99,business,other,24911.65,approved
04eff8c2-0176-4bd7-b96a-dc8f274532da,69,31920.31,629,0.08,8,4303.87,personal,own,31920.31,denied
9ae5fe51-6c43-4467-ba2f-ed642187c822,44,13906.06,745,0.264,7,1609.51,personal,mortgage,13906.06,approved
de6ba38f-9554-4f27-9467-29189ad1ca35,77,56259.09,633,0.464,4,25684.15,personal,mortgage,56259.09,approved
f2b08368-8c40-4123-a9a8-145a14d604f6,41,17817.77,595,0.096,4,17321.6,personal,other,17817.77,approved
728094f3-ad65-47df-8297-7e4244b76d24,39,14216.68,595,0.086,4,11610.83,debt_consolidation,mortgage,14216.68,approved
9ee8f2e3-74b8-4ad1-a3da-351f98a5bc72,63,33972.35,850,0.34,4,19208.81,home_improvement,own,33972.35,approved
219eb339-0e5c-4e4a-9a50-076f6a6c4442,75,37679.74,492,0.153,7,22464.41,debt_consolidation,rent,37679.74,approved
ac931162-deff-42d5-951f-b5e03603cc6f,54,22524.48,807,0.051,2,14961.18,education,own,22524.48,approved
2dceecc4-559c-4926-9718-f307c1c0cb5b,27,145596.28,725,0.266,3,6063.13,personal,rent,145596.28,approved
252b0403-0bc5-477c-b491-22a60214b558,54,61017.98,623,0.008,2,10823.46,business,rent,61017.98,approved
97bd4f5c-6a23-4871-b858-db2851dafa68,61,65941.41,650,0.195,1,33497.38,auto,other,65941.41,approved
5b7c4544-09b9-4929-8c47-f258922e56a0,28,23470.71,545,0.158,5,39701.58,debt_consolidation,own,23470.71,approved
c2cee093-32ae-4ad7-8615-8da6afd0cb3d,69,88117.92,720,0.132,3,14025.44,debt_consolidation,rent,88117.92,approved
e9dfb03f-047e-45a6-b0d7-687913d2c7a4,58,139860.41,655,0.202,4,8515.08,education,other,139860.41,approved
3a3463e6-1a25-415d-8358-15dd4d88aef8,33,69536.77,670,0.013,7,13535.88,personal,own,69536.77,approved
31d2a1ef-8a0f-41fe-9b4a-a8bcd4d237ba,68,18199.33,707,0.072,6,54067.99,business,other,18199.33,approved
860aa784-55dc-439e-8ee9-975a9947e2b8,52,8906.28,618,0.197,2,30899.44,personal,mortgage,8906.28,approved
e9e61980-0037-418e-9119-efc81e0af477,41,50032.77,850,0.096,5,5903.62,business,own,50032.77,approved
8d9d066f-6211-45a2-a80e-052e6cdc9971,27,19962.03,850,0.117,2,47457.77,home_improvement,rent,19962.03,approved
53499389-2fd3-4df7-9077-70bca431476c,55,21390.49,566,0.247,0,16602.03,personal,mortgage,21390.49,approved
a625bafa-2d42-4648-abb5-c390aa82f4df,40,16388.77,522,0.116,4,48709.82,business,own,16388.77,approved
32f3fa17-eca6-42c0-8517-efc405786985,35,21177.67,795,0.112,4,22815.86,personal,other,21177.67,approved
bd08d34a-d411-4a8d-a459-1deccef1fdfd,53,28306.47,814,0.157,6,33421.19,personal,mortgage,28306.47,approved
ffce871c-908b-473b-8763-68ac482d0fe3,53,88574.01,765,0.181,6,49767.5,education,mortgage,88574.01,denied
4f0aadc1-c6e1-4909-9182-ac360b326b12,35,41697.49,427,0.174,6,12995.37,home_improvement,other,41697.49,approved
a7ce3af7-081c-499e-b9e2-a0ebbef86935,18,68459.82,560,0.246,2,12856.29,education,other,68459.82,approved
b6a00e72-78da-4b1a-a647-7e2bd6f7098b,61,123132.68,716,0.155,2,17982.76,home_improvement,own,123132.68,approved
ca7bd195-9264-469b-9e26-cdbfb20b9bd7,79,19603.59,714,0.125,3,25765.34,auto,mortgage,19603.59,approved
a6133c0e-e80a-43e4-80f3-25cfe99c5941,55,44248.64,500,0.192,2,6932.16,debt_consolidation,rent,44248.64,approved
4cbb55b6-437e-4936-86e7-59bdb1a9c7a4,32,59482.18,797,0.033,5,11235.03,debt_consolidation,other,59482.18,approved
e3d80369-6fa8-4327-b44b-ed6ede25e4d6,69,32578.1,652,0.185,4,5009.85,personal,other,32578.1,approved
669ae2cf-7dc3-4b9f-b576-afd4f443815d,33,29713.82,612,0.337,3,5053.23,education,rent,29713.82,approved
b6c62292-e106-4310-9da1-d283f3c1f31c,39,47979.07,710,0.2,3,5873.83,debt_consolidation,own,47979.07,approved
aefe0b6b-a110-4455-b692-6364418d0d49,48,46385.18,490,0.315,4,27395.24,home_improvement,other,46385.18,denied
90373e65-ffa1-4454-83e5-4d3dfc32f025,55,22011.41,655,0.253,8,19686.2,education,own,22011.41,approved
85a7b24a-af7d-4246-bcdb-1e9bdd83a91b,25,43793.15,536,0.086,4,20580.15,auto,mortgage,43793.15,approved
a02f8135-c080-4a59-8ca8-f829163808d4,22,59548.94,648,0.188,4,5946.6,home_improvement,mortgage,59548.94,approved
104159c3-af2a-4eaa-b610-3633c8cc201b,70,28864.11,598,0.241,3,8149.81,education,own,28864.11,denied
347c6924-d98d-4093-a6b9-cc60641784df,62,14978.39,812,0.349,2,64971.32,education,rent,14978.39,approved
bc83359d-c69e-4662-81ff-b8e2c15aa5be,26,51770.12,622,0.065,8,45870.52,personal,other,51770.12,approved
faa24770-0a4a-4907-a1c1-bfef1cf3d1dd,22,8903.26,706,0.323,9,25267.32,home_improvement,mortgage,8903.26,approved
12a8d74d-3c18-4efc-be8e-669bf6ab358c,63,21241.83,627,0.233,4,2806.43,personal,rent,21241.83,approved
938e20ec-74ec-4048-a2aa-9f59519c36d8,66,20898.3,481,0.102,8,19985.95,auto,mortgage,20898.3,approved
dff54346-2a1a-40a5-9c48-a0e557218c54,34,60819.02,700,0.145,6,41048.68,home_improvement,other,60819.02,approved
3e585ba9-d27e-4cde-be01-572e46327b01,51,44283.37,624,0.081,6,22780.32,business,mortgage,44283.37,approved
2424c163-e8a1-4164-bada-fdbf2b9d6d6d,32,12313.61,634,0.146,3,6789.43,business,other,12313.61,approved
9b535ded-de66-4185-b8c7-586d5a50abc0,37,114026.5,616,0.047,5,12042.32,auto,rent,114026.5,approved
53100a8a-10fd-4b77-a9ac-d7f85f2a2964,79,35692.73,581,0.315,6,34412.35,personal,other,35692.73,approved
8db58fce-2fd8-40e2-8842-77c553a5330b,27,31264.9,552,0.05,8,4405.4,auto,own,31264.9,approved
62ee69a2-ecb1-4f04-8623-1d43ace1ee39,66,33588.08,653,0.33,6,28998.4,auto,own,33588.08,denied
5ed08aa8-1911-4d04-9c48-3dda063b563a,49,41181.45,471,0.39,4,3971.64,auto,mortgage,41181.45,denied
625ec13a-f74c-4c75-942c-fba12285a8d6,30,21649.04,546,0.284,7,21136.53,business,mortgage,21649.04,approved
7409c788-ec2d-4b25-89da-f6645cd05968,27,57044.65,660,0.18,4,59488.88,business,other,57044.65,denied
ae4aa689-6063-481e-937d-760ea37b16c5,32,27594.87,705,0.041,6,4995.93,personal,own,27594.87,approved
e704475a-dfe8-481a-8be8-d56ca72eb8be,53,37999.62,836,0.165,4,16633.45,debt_consolidation,own,37999.62,approved
1cb7844d-6182-4675-9a6f-b2866edf7c2b,59,28062.16,651,0.191,8,20281.79,auto,other,28062.16,approved
b9316f76-2736-4251-92f1-1b9552f1166d,31,40354.48,809,0.159,3,30560.25,auto,own,40354.48,approved
91f5d447-b5e2-45ce-ba57-a5d10315918a,75,10878.34,827,0.307,2,22484.76,home_improvement,mortgage,10878.34,approved
9079f949-c90e-4b10-9301-38d1c86c0950,69,66593.74,610,0.258,4,12433.28,personal,mortgage,66593.74,approved
0536e963-1d60-4fe1-837e-7fa058121bbb,76,25937.79,769,0.069,5,7842.87,home_improvement,other,25937.79,approved
3d0a07f5-e337-48a4-b8aa-1e9859333a4b,48,76544.55,737,0.092,5,38160.42,debt_consolidation,own,76544.55,approved
65aa54e4-179b-4747-9430-24453c485f08,18,75170.88,725,0.103,2,5218.39,debt_consolidation,own,75170.88,approved
ecd833e7-2cd8-4953-bf41-fb1872483383,62,72125.07,674,0.193,7,9444.13,personal,mortgage,72125.07,approved
284d123b-8566-414b-b7fb-4d435fdc10af,18,15556.36,618,0.241,5,9938.13,home_improvement,rent,15556.36,approved
a6cbf4ef-be74-4963-be1d-cc59dc94cd82,54,42828.35,796,0.251,4,5063.81,education,own,42828.35,approved
d93e5b7f-35f9-4723-a2ee-795358168ce4,30,92120.8,482,0.049,3,122357.07,auto,rent,92120.8,approved
635f66ec-c03d-44c7-8e71-08f65f922c54,44,30452.2,593,0.257,7,22897.39,personal,own,30452.2,approved
210f0a3f-7044-46ed-b3ee-4d2cc62a8c8d,36,106689.8,607,0.212,3,16413.93,personal,other,106689.8,approved
6f3ba0bc-71c8-403f-a3d8-3e86568f6b02,52,42394.02,574,0.131,10,9814.16,auto,rent,42394.02,approved
1d032746-c0ce-47f7-af4a-ee60a6a02d7c,34,83987.65,737,0.026,9,29558.85,education,mortgage,83987.65,denied
e987931f-b589-4784-9916-2f3006f12d45,61,76120.16,601,0.185,7,17845.94,education,mortgage,76120.16,denied
b090a886-eb5e-44e3-be73-e4c3603f5eca,40,96184.22,628,0.16,4,28089.19,debt_consolidation,other,96184.22,approved
4010063c-cbac-4c09-ae78-3f787ffc6cb4,32,42508.77,592,0.208,6,10244.62,personal,own,42508.77,denied
076bd9c2-7c14-4c47-b62c-2f3589aa61f8,79,219437.36,587,0.155,5,8179.5,personal,own,219437.36,denied
dbe9f0ac-50ae-46f7-8a22-9f84253db4b8,34,26323.34,686,0.15,7,12553.29,auto,other,26323.34,approved
518b860c-352d-4a7e-8dc6-89ab88d8bb2e,30,21889.93,686,0.048,3,15305.69,education,own,21889.93,approved
aaf2aae4-c7da-428f-b9d1-ccf4364440f0,35,59354.08,683,0.152,2,9752.89,personal,other,59354.08,approved
896629d8-172d-4857-bd6e-f930143d115f,73,23949.32,834,0.32,6,6821.25,auto,mortgage,23949.32,approved
dad01ef6-4e10-40bc-8894-4adb22e8c3d6,33,27470.17,604,0.312,5,40384.96,personal,rent,27470.17,approved
fee85ee4-f7fd-4e11-971f-d484d4cf1ac2,27,63367.32,537,0.094,3,6372.95,debt_consolidation,other,63367.32,approved
bf8db293-1098-4996-b39e-7b9302b400d2,71,49209.21,793,0.027,3,8175.56,education,other,49209.21,denied
069fa1ea-03df-4d62-8def-1ecf6cec196e,56,21351.87,658,0.24,2,13999.82,auto,mortgage,21351.87,denied
d13c2816-3d05-4cb1-a443-42a29c46bd1d,18,68912.44,725,0.106,3,4916.48,auto,rent,68912.44,approved
20f819d8-83d6-4b7f-a679-ca921f1f8c07,61,22485.63,640,0.121,8,20286.91,debt_consolidation,mortgage,22485.63,approved
99df03e2-1154-4d43-a682-cc864af3625e,31,15251.18,601,0.214,7,7256.46,auto,mortgage,15251.18,denied
9605f746-ae57-451a-a065-def4f608695a,19,31327.96,624,0.163,4,25899.24,education,own,31327.96,approved
c3170edb-ecbc-4f02-b971-ce5bbe2bceea,57,35168.97,834,0.212,4,4223.1,home_improvement,rent,35168.97,approved
c0780e06-8e73-4368-a60a-9b8e052fc544,36,14684.0,524,0.101,11,35851.21,education,mortgage,14684.0,approved
ec9fead2-714a-4b12-a279-4c0890a6f62b,69,21420.83,587,0.023,5,17493.91,debt_consolidation,mortgage,21420.83,approved
10756748-0ac7-49dc-afa0-52df8f94c2a8,79,20360.76,673,0.027,8,8352.34,home_improvement,mortgage,20360.76,approved
6cbdf342-ed4c-496c-af65-7d8cb324fe7e,64,56256.57,541,0.097,8,73872.01,home_improvement,mortgage,56256.57,denied
426cdc2a-445c-46d7-9162-3e6d3a44350c,30,9641.13,517,0.279,7,25495.19,personal,rent,9641.13,denied
f7818a08-0543-4199-9789-d789779c5cf2,46,35337.72,723,0.217,2,86208.1,education,rent,35337.72,approved
7e769913-1bc9-4878-bb34-0cdf179420ef,55,34622.47,509,0.092,5,19960.69,education,rent,34622.47,approved
3a34c90e-4db5-49eb-8d86-2ca750bcf34e,34,35590.3,567,0.252,2,13593.95,auto,rent,35590.3,approved
9d56b604-e8e9-454d-8c1a-7798c0530855,47,48736.72,780,0.361,6,37368.91,education,own,48736.72,approved
73f9e32f-79d6-418b-b3f6-fb851073a861,43,11939.17,658,0.159,7,19694.13,home_improvement,own,11939.17,denied
4d920f6e-5d5c-42bb-bb90-e2ffa7e45179,78,35857.43,679,0.222,5,10973.12,personal,other,35857.43,approved
11364c01-48a7-4d0a-8ec4-fa2361a250be,21,49646.96,662,0.21,6,2267.33,business,other,49646.96,approved
e54df2a8-48e3-407d-9500-f979af38957c,47,120202.86,716,0.116,4,6108.42,auto,mortgage,120202.86,denied
5caaf9c9-0dfb-41f5-995a-4c938726cf9d,36,56390.2,669,0.1,7,3993.86,personal,other,56390.2,approved
6d6efee0-fe42-478d-8fc6-b1f2c92bb7d0,77,44240.9,620,0.081,5,16069.71,home_improvement,own,44240.9,denied
0038b893-fe24-4cb2-afb8-560945b77e21,74,129431.13,300,0.149,9,7314.95,home_improvement,other,129431.13,approved
7f5d6846-0da3-4b46-a061-719235c705f1,78,167695.38,702,0.342,3,3560.51,business,own,167695.38,approved
f094e2cd-3dae-4ce3-b588-93cb0ae6d3c1,66,50445.64,792,0.195,8,18038.94,home_improvement,rent,50445.64,denied
c0cf6c25-aac1-4a8d-b23f-b73bd1322356,64,17394.79,505,0.178,3,16394.21,auto,mortgage,17394.79,denied
84d4827f-9b4c-4ade-9bf3-9e4484f7b328,73,16228.13,723,0.169,6,9252.27,education,own,16228.13,approved
0be5258b-dbcd-41c9-82c8-33b324d95283,71,14339.87,534,0.077,5,41548.28,home_improvement,other,14339.87,approved
843ae041-cfa3-4e96-b7f1-4ca44f2b14ae,19,31209.86,658,0.182,4,11789.67,home_improvement,rent,31209.86,approved
03d05a6b-1387-42d8-82e1-533cdbc66883,37,80197.94,694,0.312,6,3433.58,debt_consolidation,rent,80197.94,approved
97974466-8409-40bc-8e04-1f7d75f0ade8,56,14565.25,732,0.136,7,12478.54,education,rent,14565.25,approved
2444b439-fb0a-4f75-bf02-dd8f1aac420d,53,128799.6,739,0.057,4,48547.34,business,mortgage,128799.6,approved
25ed9e73-797e-42e7-b6be-c621a426d7a1,25,70448.19,728,0.005,8,58293.13,education,own,70448.19,denied
626b52c9-09ef-42bd-892a-0e9bd1b09ff8,31,10902.51,754,0.193,6,22085.22,auto,mortgage,10902.51,approved
946fde0e-5ef0-4101-acb4-e4b01af762e5,43,46630.64,641,0.264,5,11882.72,personal,rent,46630.64,approved
e09002dd-3094-4f92-a547-9c31acc3f509,37,19479.32,553,0.145,6,7675.35,personal,rent,19479.32,denied
954cc8ff-3ca8-44b1-8ef0-a636b70f1eba,55,14889.03,551,0.08,6,10733.08,education,rent,14889.03,approved
ebb41e93-04af-4af0-9f5d-fdb39958303d,30,15980.33,618,0.289,4,42062.0,education,mortgage,15980.33,approved
271bc70a-01a9-4da9-963b-0ca57792d108,25,41523.53,782,0.235,7,9402.64,auto,own,41523.53,approved
c192d0bf-3fbc-47cc-af4b-d9a3895466f6,64,28880.74,753,0.167,5,23183.2,home_improvement,other,28880.74,approved
4f53678c-92e7-471d-80f8-893deefae4c4,68,25138.44,681,0.255,3,6540.08,education,rent,25138.44,approved
8814818b-793e-4817-834f-ed7f1eb98c95,76,145003.27,662,0.134,9,7803.24,home_improvement,rent,145003.27,approved
2cf7b4d7-bf9e-4e03-ac25-1bca67586a11,36,39453.56,722,0.191,4,14029.96,debt_consolidation,mortgage,39453.56,approved
124f7e93-818e-4cce-ade0-5c00d84948bd,22,34424.83,748,0.219,6,18157.55,personal,mortgage,34424.83,denied
a498faf6-b8e4-42e3-8145-816770973114,51,45704.21,772,0.238,4,16999.92,auto,rent,45704.21,approved
74107e61-c576-44ba-a915-8f54c81d0f30,18,19422.87,646,0.247,8,8629.91,auto,own,19422.87,approved
b671c737-9f50-4ba4-8302-cff5167645e9,73,45065.12,536,0.318,6,55870.32,education,other,45065.12,approved
8a371612-87d1-4933-ae83-541bf4726d16,61,14139.27,564,0.156,5,5485.35,debt_consolidation,rent,14139.27,denied
94e932f2-d1a5-4594-aba5-87f53cb0afe7,21,32309.9,533,0.178,6,19971.01,home_improvement,own,32309.9,approved
183fab69-8e90-4299-88c7-387a209d474b,78,84835.0,652,0.134,6,14666.62,auto,rent,84835.0,denied
e5edc319-133c-4cb0-b1c6-64079a104d3a,37,53573.63,848,0.271,2,4809.42,debt_consolidation,rent,53573.63,denied
3fef9d30-e8fe-457d-8021-298d07e4b97a,60,17013.6,446,0.493,5,9167.87,personal,other,17013.6,approved
cd9e3cce-a0c1-406e-b094-161f611d6cc6,56,100541.38,838,0.174,7,32019.55,education,rent,100541.38,approved
4e1e21a9-e82b-4af8-b8d3-8e076bdcd4ed,19,36802.61,713,0.038,4,3014.77,business,own,36802.61,approved
adc97548-6f33-4c42-8267-9296533563a0,25,18050.79,551,0.064,4,4005.41,home_improvement,mortgage,18050.79,approved
c7a86181-a866-4cc9-b294-12ed96e21c5d,73,65379.31,701,0.278,4,12926.2,personal,rent,65379.31,denied
950e1f90-7706-452b-84f1-07344cf852cb,58,29071.65,665,0.072,4,9427.93,debt_consolidation,own,29071.65,denied
0768e1a8-d4aa-4d8e-8caf-694c54f4a876,79,35489.35,850,0.081,8,20672.47,personal,rent,35489.35,approved
08adb6b4-8d6e-48ff-976d-b0997eae1073,63,39980.17,768,0.193,3,8355.24,personal,other,39980.17,approved
7e9ab29e-0d80-4645-9ca5-3e222451f434,55,21465.09,545,0.086,7,38379.69,education,own,21465.09,approved
c726ddef-636a-435c-9d5d-84e6e592a8cc,63,9770.93,721,0.183,4,24197.91,business,other,9770.93,approved
03adf5af-1142-47a4-bd2c-eab4d85fba39,46,21853.36,672,0.023,6,5560.07,business,own,21853.36,approved
9d68f48a-2584-461b-9cec-52a8139e1609,23,15039.57,609,0.088,3,4261.21,education,rent,15039.57,approved
6e8b306b-2750-40e8-99fe-4a067a60ecfd,32,31892.58,754,0.025,7,9861.17,personal,mortgage,31892.58,approved
2fa97370-05f7-48b4-adcb-805dba8e2594,34,17171.42,605,0.093,2,27392.51,auto,mortgage,17171.42,approved
057abb18-3853-4479-994b-f20619288a05,60,17899.57,570,0.041,4,8499.14,education,own,17899.57,approved
17061975-4b4b-4e9d-a261-74ceaed5716b,71,39455.22,536,0.138,2,56911.04,debt_consolidation,rent,39455.22,approved
f3ce0cba-ecff-4009-a436-eee806ba6366,68,54467.17,737,0.14,7,4426.84,business,own,54467.17,approved
e96ce113-42fb-4dbb-a37e-4b838cb09f36,31,23392.45,629,0.469,0,14634.22,education,mortgage,23392.45,approved
011d760f-9df2-4d07-8f22-3be0a6570164,18,12033.2,650,0.042,4,4115.49,education,own,12033.2,approved
3e00bebb-a2bb-4f83-b17e-f10faf1f1f83,32,34597.81,550,0.171,4,36096.45,home_improvement,own,34597.81,approved
af724490-d075-4ee6-a5f5-dbd245b9075b,57,30342.77,518,0.226,1,14221.34,auto,mortgage,30342.77,approved
d267c508-d354-459a-898e-982b8ac6291f,56,18174.76,600,0.046,3,10782.51,business,rent,18174.76,approved
9336ed10-db9a-4d74-a725-f331d6529677,25,22111.55,520,0.182,6,6856.53,debt_consolidation,mortgage,22111.55,approved
98edf7b0-26b7-4799-95f2-b5cb5d486e83,28,137372.89,689,0.276,7,5964.11,home_improvement,own,137372.89,approved
d946480d-dfcc-4203-82f4-59c286a45b71,75,38541.12,717,0.212,6,27207.64,education,other,38541.12,approved
724054bb-df8a-490c-8039-ba9b8fc4527b,38,27607.16,461,0.286,6,65392.98,debt_consolidation,mortgage,27607.16,approved
ef2a1b3f-89de-4ccf-9f63-1e0458113eb9,58,22936.36,751,0.142,7,38596.01,personal,other,22936.36,approved
55892bd9-0cbd-4579-95ff-1f9fc599b83b,61,10164.58,836,0.048,4,5816.78,business,own,10164.58,approved
13bbb7ee-1068-40c5-bc43-dc22a24574fb,19,19775.59,777,0.164,8,55383.44,home_improvement,own,19775.59,approved
dfb3f97a-c6c1-461e-813d-82e143ec38fc,55,7478.78,640,0.175,9,47173.65,business,rent,7478.78,approved
0dbc9a80-0310-446b-8a7e-5dda4178e2da,51,69434.81,732,0.242,10,12556.75,education,other,69434.81,approved
2758828f-998d-4610-9c77-448005c30806,42,29909.48,699,0.063,5,33432.71,home_improvement,rent,29909.48,approved
75031732-4aea-42c2-be88-c881d5f13c34,61,49906.84,695,0.301,1,5038.91,debt_consolidation,mortgage,49906.84,denied
cdd6ffec-c800-4436-9543-23070ec75364,22,39022.8,630,0.12,3,14211.49,business,other,39022.8,approved
3ce2154c-acf9-4350-8d24-6bb45eb3bd6e,35,6593.42,756,0.133,5,11553.61,auto,mortgage,6593.42,approved
98daa248-d977-44d3-b934-0bd02aa74082,26,34113.14,606,0.181,2,24282.07,education,mortgage,34113.14,approved
ae370e44-cf6b-4ade-b9aa-64c642fbc514,77,149457.66,744,0.076,4,93260.11,personal,mortgage,149457.66,denied
fb856407-0bb1-4a75-8e7d-9544bd0ebd78,53,32297.92,609,0.148,5,24839.58,personal,mortgage,32297.92,approved
ac1e8a09-9c31-4bca-a552-25cc3cd9737d,63,45569.48,621,0.119,3,21812.98,business,rent,45569.48,approved
2ab45f9f-8b50-4454-90a7-59bae8c73829,38,19722.18,762,0.286,7,6695.86,education,other,19722.18,denied
e834c375-2f9b-42e0-8997-6a37ca3c9a87,69,41754.64,713,0.133,6,7263.98,education,rent,41754.64,denied
0cc7bbb8-d581-44c6-8d23-614db7400e99,57,56679.71,571,0.129,10,29715.61,education,own,56679.71,approved
ff226b2d-105a-4967-9deb-8a653661b197,41,42876.09,775,0.294,9,48085.04,business,other,42876.09,approved
8af1037b-4618-4481-95ec-01f3ae131711,49,27714.74,716,0.145,4,128167.73,personal,rent,27714.74,approved
9c38c610-aa59-4251-8b94-7c3c511032c7,54,94097.2,634,0.188,10,8976.43,auto,other,94097.2,approved
e9a35577-6a87-4983-8439-1c2ea224f74e,64,80047.86,645,0.112,4,904.84,education,mortgage,80047.86,approved
7d363cdb-1434-4372-95c8-73f486d7c3f2,57,40269.38,553,0.077,2,42137.15,home_improvement,other,40269.38,approved
7eb083ce-b8f8-4070-b461-ddd7ef3fbe05,75,44320.24,533,0.214,5,9577.79,education,other,44320.24,approved
4a3c4aac-f1c1-4bad-b83c-3b84ed977069,28,28266.23,684,0.099,6,11341.62,personal,mortgage,28266.23,approved
ad105b56-7ae2-48e0-8b8a-643be72bad6f,67,27707.37,783,0.257,3,6915.45,home_improvement,own,27707.37,approved
6c0fcab0-a627-43ec-90ec-a1c1921295fa,20,43817.39,671,0.116,3,6140.28,personal,rent,43817.39,approved
74f3aa8e-fc5c-4cb3-9451-d04759d13008,44,19406.2,736,0.212,7,4516.45,business,own,19406.2,denied
c4fc22f7-a983-4ec0-b5f5-569410c05de3,26,30017.44,552,0.124,1,17405.73,business,other,30017.44,approved
c6835229-fcd0-419c-8ff2-db80b08a2d01,27,15576.61,614,0.253,2,7655.44,business,rent,15576.61,denied
e35a28f0-fb49-4938-879e-da5f50d05250,34,21643.49,835,0.07,4,8199.82,debt_consolidation,rent,21643.49,approved
e9968853-5908-4c71-accc-111d2cff9849,50,54994.25,581,0.05,5,13869.31,debt_consolidation,rent,54994.25,denied
6991b163-c15b-44c0-8241-b7e34a5c8de2,39,59143.33,850,0.101,4,71838.27,home_improvement,own,59143.33,approved
29cf9e34-9126-4d8c-a26e-ffe55db1ccf9,65,38749.21,713,0.092,5,25608.94,debt_consolidation,own,38749.21,approved
adc51d3e-0140-4b59-8a09-4cfbbdd55ac2,22,71567.05,755,0.484,3,48511.47,auto,rent,71567.05,approved
86cf1af9-075f-44ec-b4fb-7366e81956fe,70,40449.79,523,0.173,2,9527.57,education,own,40449.79,denied
5fee504b-7370-4a2a-b13b-e77ea230f5a1,75,16123.64,710,0.046,8,5629.09,debt_consolidation,mortgage,16123.64,denied
c405fa3a-6d70-4d3c-9e75-cbe838b3eccb,77,24854.09,685,0.097,7,17408.6,education,mortgage,24854.09,approved
67af2d4b-36b9-441f-820b-f67f198cd573,22,13228.85,659,0.279,3,11097.34,home_improvement,mortgage,13228.85,approved
c224672d-5df0-4a5a-ab8a-caa0d8f8fe38,42,32021.75,739,0.155,2,58532.67,business,rent,32021.75,approved
4a35c8af-cc0b-4248-baac-a33c77e39001,67,6190.59,644,0.137,10,6824.77,home_improvement,own,6190.59,denied
6d8ed1f9-10c7-4587-b9c0-1ab82f701b4b,51,22623.64,592,0.207,2,4405.0,debt_consolidation,rent,22623.64,approved
65ed2a6f-a8d0-48fd-be3e-af6f77f044ea,74,20827.93,473,0.235,6,16807.69,personal,rent,20827.93,denied
bc644067-de0f-4f5e-9d29-4a5894844200,73,20300.67,738,0.314,11,35087.58,business,mortgage,20300.67,approved
f41598e2-d7e1-4c10-8eb4-aa4fd06883d7,19,24172.47,754,0.148,7,15998.62,business,own,24172.47,approved
83e762c8-f42d-407c-8744-98016f4f8c82,68,93277.29,838,0.338,4,4418.55,home_improvement,mortgage,93277.29,approved
786c750c-88e0-4334-9de4-62ddcfa6c1b7,36,15382.87,690,0.028,2,5258.74,business,mortgage,15382.87,approved
a245f6a8-18ae-46cd-aba8-9bd8b38944eb,53,101667.54,741,0.357,5,27687.2,education,other,101667.54,approved
2ffa578f-ef55-41d6-a126-5184daf654dc,53,45765.6,705,0.041,5,9530.27,home_improvement,mortgage,45765.6,approved
c1ef5357-55cf-4d65-af2c-bb0556bdc809,26,30079.38,676,0.226,5,8848.95,business,mortgage,30079.38,approved
46541242-a34d-4953-8f2d-ae14818e34d9,72,26196.07,613,0.269,9,13237.85,education,mortgage,26196.07,approved
31ad5e79-808b-42f4-b7bf-bd9c37c18c41,60,16929.85,728,0.184,6,12516.9,debt_consolidation,other,16929.85,approved
7f441e53-5af7-477a-8008-fd844d08c109,55,16521.22,657,0.267,11,5605.94,home_improvement,other,16521.22,approved
c48b8c50-007c-4655-b49f-9fc28edfb41a,53,14244.36,657,0.03,3,14810.32,home_improvement,rent,14244.36,approved
684c4bad-0b09-4c56-9a8a-7b1423f20b4a,61,90048.91,642,0.183,7,10469.96,education,rent,90048.91,approved
c8db4a5f-e8a7-4676-91bd-2b9b219bb9c2,78,56069.69,705,0.101,3,20149.36,home_improvement,own,56069.69,approved
480f1473-ab49-4e57-8986-8e198f71aced,41,8209.08,705,0.176,4,5972.1,home_improvement,mortgage,8209.08,approved
8bc548c3-fc9d-4965-a80e-671bb17177e5,30,31751.9,556,0.238,6,7453.58,auto,rent,31751.9,denied
c2530867-2b58-42de-be3c-7a54cc40613b,69,37689.19,630,0.176,3,7111.21,education,rent,37689.19,denied
f8d5b25a-7782-413e-9c69-918659daf60a,69,17317.01,577,0.02,2,10628.72,auto,other,17317.01,approved
950f3614-dd68-4bf4-9775-cedb240684e0,33,33253.87,542,0.15,9,18113.56,education,own,33253.87,approved
e4f6524c-14a6-4a9e-9ddc-6455de08a59e,75,58893.77,684,0.18,6,22937.57,business,mortgage,58893.77,approved
5c8db45d-aa7f-47c6-ba2e-0fb5f3917b7c,37,386326.35,701,0.181,2,35643.71,business,rent,386326.35,approved
6d757d35-faa5-4f05-9026-ae7f2f58604d,69,49813.53,541,0.399,4,14350.39,auto,other,49813.53,denied
da408da5-26d6-4549-8d70-7df4959c44cf,45,30772.55,435,0.248,3,2828.21,business,own,30772.55,approved
84390cdb-bc95-4996-9b19-c088c092924b,68,19230.41,539,0.205,7,3480.39,home_improvement,rent,19230.41,approved
e5ddeef1-2d93-4a24-a1bf-fcbe00a63bfa,26,27086.55,662,0.139,5,11009.59,personal,own,27086.55,denied
7a440898-59c4-4eb8-bdd3-c8b3956ab103,49,17144.74,646,0.166,5,12324.25,auto,rent,17144.74,approved
61088a05-a1ed-4ab2-8649-287b43c28220,43,40334.2,698,0.185,5,10130.87,business,own,40334.2,approved
0d1c43e1-f5fc-466f-8a63-32e4f59a6cc1,21,47083.64,648,0.06,6,20971.9,debt_consolidation,rent,47083.64,approved
e2dee3db-dbcf-4eaa-9d06-7e97a2a0fe94,69,16594.5,631,0.23,6,9384.87,business,own,16594.5,approved
97b79d45-e88f-4b0c-b287-7c5980ebc869,76,69625.61,841,0.212,5,8955.02,home_improvement,mortgage,69625.61,approved
bb6d6bd9-3b76-4037-8283-f37f614500a2,64,11291.91,760,0.171,7,10170.6,home_improvement,rent,11291.91,approved
e8c4c300-f5fe-4348-bf3d-11fe4bec6257,39,28682.85,645,0.137,5,35101.62,debt_consolidation,mortgage,28682.85,approved
f93def33-78bd-4bd1-9810-4e10114cac0f,25,28742.58,624,0.068,2,18069.77,education,mortgage,28742.58,approved
801ca8c7-2145-47a6-9e9e-a7d0a05dd5f1,24,5438.65,569,0.222,7,31232.28,auto,own,5438.65,denied
d13b86d3-5180-47b3-b360-83288ba9267b,50,39752.07,611,0.099,5,7286.42,education,other,39752.07,denied
a75c7559-a699-483e-adfc-1aa37fa43318,38,13526.51,677,0.357,10,16225.76,education,own,13526.51,approved
449a643a-e88d-4bc6-a490-61c89071e804,27,26290.82,598,0.201,2,43342.64,home_improvement,mortgage,26290.82,approved
d75f58b5-ec5c-4124-8113-ef49644a34b3,75,44456.95,534,0.271,8,18684.04,home_improvement,own,44456.95,approved
3e90dbd8-1b72-45e4-9aee-99f96d554443,49,44030.73,526,0.019,8,13023.28,debt_consolidation,own,44030.73,approved
beb46600-c3e1-4d5d-a018-efcee4d6a4ee,41,43342.58,764,0.075,7,7338.95,education,rent,43342.58,approved
03467ce7-74f7-47af-83b6-305994768ef9,25,13954.54,660,0.199,11,11904.59,home_improvement,rent,13954.54,approved
c4983582-4485-40be-8c36-767331a68362,54,33000.42,655,0.125,4,10922.47,education,rent,33000.42,denied
a83a168c-f9e0-45b2-b93f-040acbe8c275,27,119943.37,564,0.218,7,2905.05,business,mortgage,119943.37,approved
fae39cf9-1c61-46b3-83ee-4828eccb4dac,69,47031.33,542,0.281,5,8325.08,home_improvement,mortgage,47031.33,approved
7a69b21a-ac93-44c8-ba7c-17ed03a0af5e,54,28074.68,563,0.091,8,20591.67,home_improvement,other,28074.68,approved
47674447-e7df-4acf-872f-e21ec774267a,73,51232.01,748,0.219,6,1422.3,personal,other,51232.01,approved
7f9e4e22-b34b-49de-bed2-726365461453,69,23978.33,506,0.201,5,78912.11,personal,other,23978.33,approved
f578207b-2038-43f9-ab7f-7d79faf5f095,48,37169.89,600,0.069,4,7184.55,home_improvement,rent,37169.89,approved
72ccd894-bfa2-4177-8606-ccb983f45fb9,45,65970.58,724,0.129,2,5860.15,home_improvement,other,65970.58,approved
26e2c74e-f51c-4e81-84ef-025fdb3c049b,24,201196.78,673,0.298,3,14881.01,home_improvement,own,201196.78,approved
57fec6e5-386a-45de-b65f-44db1daa760a,65,10736.95,685,0.073,6,27077.28,education,other,10736.95,approved
38aa7dfc-a1fe-40a4-957c-62f42cca33a1,38,121638.81,575,0.066,7,15272.79,education,other,121638.81,denied
b94ece3e-af2d-4bd1-b11e-a3d99fa81f6c,50,34341.36,588,0.036,10,10985.15,debt_consolidation,rent,34341.36,approved
9e01c8d3-5fc3-48b7-aade-a5a21e18f5d4,50,20145.96,822,0.048,6,10642.92,auto,other,20145.96,approved
976ac6c5-b4e9-4fdd-9e84-da039743b5a4,24,108820.4,850,0.395,5,15988.08,auto,other,108820.4,denied
9409ce41-cb3a-4ae0-92f1-0b2dab4e5d74,53,112932.08,611,0.033,5,26013.68,personal,rent,112932.08,approved
6c6711f6-2be8-42e5-87ba-88fb14d55c83,63,52680.71,726,0.126,6,15686.49,personal,mortgage,52680.71,denied
f289200a-7ff2-4920-a79f-e3c6623c50e7,55,24472.52,417,0.096,4,2641.16,business,mortgage,24472.52,approved
a0bfb4b3-78a2-4263-8e20-17a7d87344d4,77,21281.71,817,0.212,1,24170.29,auto,other,21281.71,approved
372a76ab-a798-4f72-ad86-62e1f6aa9b38,35,56323.15,724,0.077,4,6914.31,personal,rent,56323.15,denied
213ab25f-3b13-4ec1-a2af-c5cdd9f440a1,58,24352.75,614,0.358,4,9027.29,education,own,24352.75,denied
89201a19-76c1-4439-b324-251aa58351d7,79,16468.89,646,0.162,4,12595.08,debt_consolidation,own,16468.89,approved
c962691f-b4b4-4ad9-89c6-a3189b321a6e,71,17040.94,691,0.15,4,8974.16,education,own,17040.94,approved
c67f2983-aaac-4075-baae-182d681b4452,48,65149.65,515,0.269,4,25169.7,business,mortgage,65149.65,approved
a5fc5394-5a14-48f7-a72d-b2cfba04e3e3,34,24334.93,544,0.235,7,8479.64,auto,mortgage,24334.93,denied
1d771d9f-955b-4167-b543-60c18267256b,79,6142.59,796,0.028,4,6860.17,home_improvement,other,6142.59,denied
f72f9813-9805-4d59-9cc1-e576396ee26d,76,76586.39,670,0.028,6,45948.39,education,mortgage,76586.39,approved
74621717-4b6b-41e1-b9f5-2fe180f00fa6,78,44450.51,671,0.017,1,4324.69,personal,rent,44450.51,approved
975a7c53-b8d5-4a6b-a98a-616d96cee2ba,72,25963.21,597,0.188,4,27211.93,home_improvement,other,25963.21,approved
0beca269-21df-4391-9608-bffced73cce8,78,15996.72,823,0.132,3,110966.62,business,other,15996.72,approved
e68c4e40-8d9c-468f-a383-6d3532dce0b1,75,86640.94,630,0.226,4,19741.17,auto,mortgage,86640.94,approved
f95bca4a-b3ef-4123-869c-b5ee9885141a,30,59281.4,777,0.239,6,12095.14,debt_consolidation,own,59281.4,approved
de3b49f7-fc38-41e6-a1e3-a121fdf89f24,32,34367.72,638,0.245,4,17992.02,education,rent,34367.72,approved
558c91ae-b24b-43b3-866a-e252807d02fa,79,57443.36,682,0.284,7,8420.26,auto,other,57443.36,approved
18a3fe39-e256-42d2-892c-53dba50d3715,46,14345.42,566,0.021,4,2667.95,debt_consolidation,rent,14345.42,approved
6613ea79-06d8-4da1-b2a3-fcc6d453c79b,45,59477.45,730,0.297,6,11143.94,home_improvement,own,59477.45,approved
b591a7da-2c22-4fac-9fe8-af0d2250de17,52,10819.07,729,0.319,1,17673.62,business,other,10819.07,denied
15a23aea-a6cd-4ab0-b0c0-fedaca2ab111,49,37001.56,690,0.302,7,8968.98,education,mortgage,37001.56,approved
69565ed1-f9e5-4636-8aca-f960074365e4,70,48017.43,661,0.097,2,20482.02,debt_consolidation,own,48017.43,approved
86796667-af32-4676-b10d-dfbcc7efd0c8,76,52874.0,731,0.169,4,38871.75,debt_consolidation,mortgage,52874.0,approved
cbe9a3ba-6e19-4add-a3dd-9c3042a2dd59,20,26088.57,670,0.141,6,14177.61,debt_consolidation,mortgage,26088.57,approved
07eb62a5-04d8-4021-8191-292bf14b7812,72,33600.82,599,0.176,3,15984.81,education,rent,33600.82,denied
02e779a0-859b-499a-8b94-cf310740b3b5,66,24214.97,655,0.231,2,12472.84,education,own,24214.97,denied
ac069ad6-cccd-4cf1-ad9d-7831d9eeeaeb,61,67945.12,702,0.161,1,13325.14,personal,own,67945.12,approved
02f4a4ac-070b-45fe-82b7-f7d95e87b324,56,42450.16,760,0.127,9,62179.44,education,other,42450.16,approved
c7b24991-ec4c-4f22-8c2d-b090c2c90816,48,14157.84,661,0.097,3,8699.85,debt_consolidation,mortgage,14157.84,approved
d3674e18-019f-4da0-87ab-6b86416b78a5,26,17935.83,555,0.336,5,78959.99,education,own,17935.83,approved
8353dba9-489b-40d0-b1f7-472378a42e16,66,49972.48,709,0.296,5,8001.76,personal,rent,49972.48,approved
19ecff77-5e45-4757-bc62-1ee04e35e79d,77,7646.37,618,0.213,7,23428.88,auto,other,7646.37,approved
36c2f80b-3b85-4205-ad0d-36bae6c9e46c,24,190581.3,735,0.05,4,12940.73,debt_consolidation,mortgage,190581.3,approved
dc540b52-da05-4820-9f7b-f80e6f1924ce,50,95926.89,795,0.086,3,6585.76,business,own,95926.89,denied
25d58d16-a543-4ed2-a146-e890fa364c8d,27,8824.6,666,0.22,5,22581.65,education,rent,8824.6,denied
2f329b7d-ee6f-4846-9c7b-f0d2da7ce6c0,54,62221.18,746,0.46,2,16549.82,auto,rent,62221.18,approved
4ed1c41d-4422-46f2-aec7-8a9ae31602fd,19,17713.43,629,0.35,3,58161.74,auto,rent,17713.43,approved
c0558ade-d263-4198-a188-c365e4ffd5c3,76,45415.32,850,0.371,9,4684.48,debt_consolidation,own,45415.32,approved
7359682a-6650-4de7-bde9-d78899d36431,62,35542.4,850,0.259,4,26666.4,business,rent,35542.4,approved
3bbcce12-3dff-488b-a790-cd664741b81d,77,31445.35,550,0.073,1,19486.87,debt_consolidation,own,31445.35,approved
65d13750-0210-4dd2-8fcb-935de077aff1,63,23665.14,505,0.071,4,8561.82,debt_consolidation,rent,23665.14,approved
35539ca4-c2fe-4a20-8cb5-94126b96e076,71,40301.04,688,0.299,5,9592.36,personal,other,40301.04,approved
06aafc44-8a3e-4328-ad88-ec0924796d94,52,100941.02,675,0.334,3,62436.76,home_improvement,mortgage,100941.02,approved
9679fa1c-0635-4912-8660-1849cdc2c7e1,65,36617.08,617,0.048,3,8714.74,business,rent,36617.08,approved
4e352a00-96d9-4f6b-a255-aec27947fc6d,34,22370.47,779,0.061,2,55695.08,business,own,22370.47,approved
5e36817d-5af9-4444-ae1a-d20e2d883b7b,27,32344.63,661,0.009,8,6861.69,personal,rent,32344.63,approved
d6c72d19-de0a-4eec-8d43-28cfc311e701,33,25021.97,742,0.244,2,10337.16,business,own,25021.97,approved
82a29e0f-4211-49db-9e7f-c37b97fc48cc,23,23735.7,696,0.139,7,17362.61,home_improvement,other,23735.7,denied
0db2526f-17e9-4910-9306-4292cd8b6cc3,65,96391.38,726,0.348,7,28879.81,personal,rent,96391.38,approved
f0744765-b925-4d63-adfd-2c4496189e51,37,44747.84,470,0.323,4,3685.58,business,other,44747.84,approved
5b5c1aa5-a1e5-4fbb-90d3-d6e2a7a9d44b,66,70305.11,751,0.242,8,15709.05,auto,other,70305.11,approved
32d8211d-64ed-4160-8336-6c2089720f34,56,31917.5,679,0.235,4,13282.57,education,mortgage,31917.5,approved
0e8771a7-9a6e-4196-ab15-3fbf394a7bdd,27,43113.75,472,0.05,2,19377.87,business,own,43113.75,approved
ba64a4f3-9f76-4319-b82c-5b1dc7ec83e8,57,31909.03,691,0.047,3,26122.23,business,own,31909.03,denied
9c1a514b-21a8-417d-a027-bd2777ab1d90,25,36396.89,597,0.1,4,34152.23,auto,rent,36396.89,approved
5f4d273a-5e8b-4a6d-a842-3052dd15f816,41,36337.77,548,0.201,4,10305.76,personal,other,36337.77,approved
4d85aaf7-61f2-4fc9-af5e-52562f988917,50,35090.23,708,0.161,2,43521.11,debt_consolidation,other,35090.23,approved
b081f708-06d7-4a74-b263-d7021fbfb239,41,101690.16,623,0.154,2,13277.59,debt_consolidation,rent,101690.16,denied
51bda833-db4e-4c62-9fd4-973ae1b88361,26,78317.6,450,0.199,2,9484.42,debt_consolidation,own,78317.6,approved
28372069-f295-42ee-b6e7-037ec7dab9bb,43,22159.94,640,0.296,6,7727.76,home_improvement,other,22159.94,approved
4a1da94e-1547-4ae6-bbf6-f9a3eaebf3aa,37,27418.2,640,0.239,4,3212.7,auto,own,27418.2,approved
bce71e02-32b3-4457-9cad-4fee0aec0ead,78,55863.84,850,0.216,1,19755.59,auto,mortgage,55863.84,approved
a42034b0-d53b-467a-9647-029fba04d36a,20,61087.44,559,0.044,7,22154.39,auto,mortgage,61087.44,approved
34d361ad-ba1e-40f2-86a0-3aa2afc7d129,55,25545.26,842,0.095,7,10896.92,personal,own,25545.26,approved
961cdf0b-f5e3-4feb-9c8c-f707e65ac0da,33,34350.1,683,0.257,2,26694.72,home_improvement,own,34350.1,denied
33f2d1a4-29b0-4ae7-badb-e42f277b1d90,42,19008.48,784,0.267,2,36298.12,home_improvement,own,19008.48,approved
e916ddd5-0ac9-4b9d-afa4-ad253c9333cd,59,126929.05,455,0.202,2,27388.25,debt_consolidation,other,126929.05,approved
54e382d8-8f38-4f0e-96a5-0e2b19e7c298,55,44286.92,735,0.185,9,9379.35,debt_consolidation,other,44286.92,approved
f662ddbd-a02b-4790-9f85-3ba9ebd65136,56,27350.56,662,0.125,3,4406.38,business,rent,27350.56,approved
82962674-4249-4e1a-924e-710310ba6843,37,25167.53,521,0.062,10,28314.44,debt_consolidation,own,25167.53,approved
269cb525-ef2f-47c4-9065-dabd96b8c624,48,51611.38,665,0.208,8,3274.01,debt_consolidation,mortgage,51611.38,approved
bd4d9d76-8575-48a8-b8f5-1d102076c577,68,54144.37,640,0.05,1,24147.39,debt_consolidation,own,54144.37,approved
8d5c110a-33bc-4535-98cc-ee79bfc67a97,62,35506.59,675,0.113,6,3319.07,auto,rent,35506.59,approved
714078dd-70bc-406b-9d7a-3b5d613e3706,20,27464.53,620,0.091,8,12447.56,education,other,27464.53,approved
6b42631e-cb09-4028-bf7f-4b3e14707c97,74,47991.73,533,0.117,4,6197.77,personal,mortgage,47991.73,approved
e9fcd669-caa5-4b78-931f-64b3d30a107f,22,43620.58,613,0.289,4,13609.38,personal,own,43620.58,approved
f886a8df-5bb5-4dfb-bbba-69389cb93f0b,56,24828.22,735,0.264,7,9392.26,debt_consolidation,own,24828.22,approved
0db995bc-0131-4954-ac3f-dbd760e28b72,38,65915.79,628,0.154,8,52467.73,personal,mortgage,65915.79,approved
94dc3ccd-a5af-43a9-ad37-256d56c22d8f,30,69534.29,562,0.216,10,21229.52,business,rent,69534.29,approved
d495d745-3f8e-4446-ade4-b09926f0eac0,49,62598.53,537,0.044,6,13756.72,auto,rent,62598.53,approved
81bfa0fb-28d9-473a-975d-1d9efb8281d6,40,37841.14,451,0.035,3,36618.06,education,own,37841.14,approved
549c71f5-59ff-42e0-84fc-cb541e668750,38,24508.81,782,0.211,3,14155.75,business,mortgage,24508.81,approved
08d8e1a6-8983-4576-b650-07e2eb6d7a1b,79,35738.96,682,0.079,7,14201.56,education,other,35738.96,approved
ade9c694-aa53-40c1-9f08-7699016172f7,66,33747.32,642,0.24,4,25043.91,education,mortgage,33747.32,approved
39f5513c-72fb-40ca-89a9-5aeae244e796,50,42305.43,663,0.217,5,33376.53,education,rent,42305.43,approved
4d5525e2-b148-4546-9f26-47b1d60bed8a,23,125103.99,617,0.052,8,12956.99,education,rent,125103.99,approved
fb2dd5ac-d5e3-428a-a3c7-8831dadded25,49,20427.82,548,0.024,7,10654.02,auto,mortgage,20427.82,approved
25712d0b-9634-4f4d-89c1-9fa5893be104,18,49336.38,490,0.27,7,25109.54,business,rent,49336.38,approved
8b952553-e294-44aa-8524-af6c74db069f,32,43681.21,674,0.106,2,6958.69,business,rent,43681.21,approved
a99771f5-99c6-406d-aed4-a31251ccb987,20,64154.29,472,0.228,4,102706.3,debt_consolidation,rent,64154.29,approved
4661c40b-2f07-4dac-8b9d-6a7fd6023a74,71,35342.48,748,0.113,0,41470.97,debt_consolidation,other,35342.48,approved
267317ba-944f-4790-8b35-8f05989c052c,69,21997.85,614,0.071,5,6572.62,auto,other,21997.85,approved
66fa8792-f0ad-4bfd-8261-ddf7d65b5ea9,37,63177.66,658,0.092,5,10316.83,auto,rent,63177.66,approved
01e83882-c07b-40e1-9039-38707fbfa768,60,12161.76,585,0.192,3,19988.93,business,own,12161.76,approved
c5769634-db0a-4e12-a08c-bb48ba38a552,78,109259.39,619,0.295,2,9912.51,auto,mortgage,109259.39,approved
0ce6d19a-f2e1-450c-adcb-dea83df35f97,22,16990.35,615,0.174,2,11949.1,personal,own,16990.35,approved
9fdb574c-aece-4e7a-867b-38146bdb303a,67,194641.46,703,0.096,4,62112.15,home_improvement,rent,194641.46,approved
cf498f01-8664-494d-9568-b51fb421f9e8,23,37555.98,567,0.123,10,11333.24,education,other,37555.98,approved
78a03d38-9e43-438b-952a-f5b721cee5a4,39,165570.48,760,0.016,3,10201.31,auto,rent,165570.48,denied
c5dfc64c-db86-4035-bc6a-f5214caf2a9d,72,33117.15,737,0.159,4,119966.44,business,other,33117.15,approved
b6fb9452-f005-41c9-8c19-48816ef503f2,71,75900.99,600,0.038,6,12743.39,home_improvement,other,75900.99,denied
0b3b8d2a-2bcb-4be6-8103-152a51b3eb3c,59,30044.42,701,0.101,10,13557.8,business,mortgage,30044.42,approved
50f1a9e5-41ed-4d31-b57e-139fbd8ae33c,33,136132.04,527,0.147,4,22464.33,personal,own,136132.04,approved
8725e09b-ef9e-45a6-8fdd-bbfe7deda88f,67,10991.31,755,0.078,4,32963.8,auto,rent,10991.31,approved
cbae2914-0efa-4323-bdb0-f9edafd97c8c,71,104187.79,723,0.41,7,26282.96,home_improvement,rent,104187.79,approved
d843ba11-ad07-439d-917e-86b3be992434,77,50450.75,728,0.104,10,30659.08,personal,mortgage,50450.75,denied
11576a9e-a867-46f5-8e96-225d6ac52363,67,24599.32,701,0.137,6,40963.78,business,rent,24599.32,approved
a7c1f443-79f6-409e-bdae-28d89f307af0,67,39796.76,726,0.272,4,6378.73,personal,mortgage,39796.76,denied
b80c126a-29b9-48dc-a1a6-fd9b1278ada8,20,21329.72,638,0.042,5,3807.47,home_improvement,other,21329.72,approved
14bf2174-7a72-4619-8119-94d2653f597d,56,31040.27,599,0.365,7,20122.94,personal,rent,31040.27,approved
02caf9e3-de82-4b38-b858-fd4f6bd9cb14,36,57689.41,602,0.17,3,20906.15,home_improvement,other,57689.41,approved
f438a365-1e9a-490e-aa74-c84890fceb2d,32,169098.83,770,0.19,3,16851.92,education,own,169098.83,approved
22f4d3e1-ec1a-402c-9316-d855fc45e1b4,40,45222.69,597,0.158,7,13837.07,personal,own,45222.69,approved
87b76ffc-bb4a-411f-84b7-4941ddc4e453,54,25862.03,486,0.395,4,14127.95,personal,own,25862.03,denied
ddd209e7-ebe2-43c6-8fc9-4e7c2d256183,32,82649.03,575,0.071,6,24542.49,home_improvement,mortgage,82649.03,approved
52be99cf-9077-4481-a638-9dca368df90e,39,84124.81,496,0.229,5,30981.47,auto,other,84124.81,approved
ef7ae8ab-0422-48bb-b87e-cfbdaacf6977,53,34226.83,695,0.174,7,8390.42,debt_consolidation,own,34226.83,denied
c50cd3dd-f3e4-4c0a-b77b-65a89663a1d4,20,23264.86,599,0.093,4,6090.29,education,own,23264.86,denied
72cdaa88-eb35-4bea-8ffc-302c18961c75,40,46046.72,514,0.162,5,8087.15,education,mortgage,46046.72,approved
5fb5b4fe-8c09-4767-ae5c-d54c21a139e2,76,139621.2,647,0.024,5,13524.47,business,mortgage,139621.2,approved
f3c1fee5-eb83-4fe7-a6f6-1d24ce64e54b,26,18200.21,686,0.093,3,21741.75,auto,own,18200.21,approved
a7013bff-8223-4e38-87e3-4daa9ab988b6,64,215232.57,499,0.182,9,22179.63,personal,own,215232.57,approved
f6f91fb5-5112-4ab2-b150-34776a1ab3cf,20,32150.74,850,0.116,5,7434.69,auto,other,32150.74,approved
418630ea-cf67-426e-9505-0d91b27be98c,22,14964.3,766,0.003,3,14043.93,education,mortgage,14964.3,approved
519dd1f2-97de-4ae0-9dec-5558b70cc6ce,64,46058.62,605,0.138,3,14948.61,personal,own,46058.62,approved
3d6e288c-33f6-4b78-a4cf-b9e07b452613,78,61410.06,644,0.115,6,9666.05,personal,own,61410.06,approved
eb8641fc-6d2d-4d3f-b54d-1f0c1cda4649,74,71614.11,700,0.217,6,38062.97,personal,other,71614.11,approved
